start	v	[0, 0]
head	v	[0, 0]
head	v	[2, 2]
head	v	[0, 2]
head	v	[4, 4]
head	v	[2, 4]
head	v	[0, 4]
head	v	[6, 6]
head	v	[4, 6]
head	v	[2, 6]
head	v	[0, 6]
head	v	[8, 8]
head	v	[6, 8]
head	v	[4, 8]
head	v	[2, 8]
head	v	[0, 8]
head	v	[10, 10]
head	v	[8, 10]
head	v	[6, 10]
head	v	[4, 10]
head	v	[2, 10]
head	v	[0, 10]
head	v	[12, 12]
head	v	[10, 12]
head	v	[8, 12]
head	v	[6, 12]
head	v	[4, 12]
head	v	[2, 12]
head	v	[0, 12]
head	v	[14, 14]
head	v	[12, 14]
head	v	[10, 14]
head	v	[8, 14]
head	v	[6, 14]
head	v	[4, 14]
head	v	[2, 14]
head	v	[0, 14]
head	v	[16, 16]
head	v	[14, 16]
head	v	[12, 16]
head	v	[10, 16]
head	v	[8, 16]
head	v	[6, 16]
head	v	[4, 16]
head	v	[2, 16]
head	v	[0, 16]
head	v	[18, 18]
head	v	[16, 18]
head	v	[14, 18]
head	v	[12, 18]
head	v	[10, 18]
head	v	[8, 18]
head	v	[6, 18]
head	v	[4, 18]
head	v	[2, 18]
head	v	[0, 18]
head	v	[20, 20]
head	v	[18, 20]
head	v	[16, 20]
head	v	[14, 20]
head	v	[12, 20]
head	v	[10, 20]
head	v	[8, 20]
head	v	[6, 20]
head	v	[4, 20]
head	v	[2, 20]
head	v	[0, 20]
head	v	[22, 22]
head	v	[20, 22]
head	v	[18, 22]
head	v	[16, 22]
head	v	[14, 22]
head	v	[12, 22]
head	v	[10, 22]
head	v	[8, 22]
head	v	[6, 22]
head	v	[4, 22]
head	v	[2, 22]
head	v	[0, 22]
head	v	[24, 24]
head	v	[22, 24]
head	v	[20, 24]
head	v	[18, 24]
head	v	[16, 24]
head	v	[14, 24]
head	v	[12, 24]
head	v	[10, 24]
head	v	[8, 24]
head	v	[6, 24]
head	v	[4, 24]
head	v	[2, 24]
head	v	[0, 24]
head	v	[26, 26]
head	v	[24, 26]
head	v	[22, 26]
head	v	[20, 26]
head	v	[18, 26]
head	v	[16, 26]
head	v	[14, 26]
head	v	[12, 26]
head	v	[10, 26]
head	v	[8, 26]
head	v	[6, 26]
head	v	[4, 26]
head	v	[2, 26]
head	v	[0, 26]
head	v	[28, 28]
head	v	[26, 28]
head	v	[24, 28]
head	v	[22, 28]
head	v	[20, 28]
head	v	[18, 28]
head	v	[16, 28]
head	v	[14, 28]
head	v	[12, 28]
head	v	[10, 28]
head	v	[8, 28]
head	v	[6, 28]
head	v	[4, 28]
head	v	[2, 28]
head	v	[0, 28]
head	v	[30, 30]
head	v	[28, 30]
head	v	[26, 30]
head	v	[24, 30]
head	v	[22, 30]
head	v	[20, 30]
head	v	[18, 30]
head	v	[16, 30]
head	v	[14, 30]
head	v	[12, 30]
head	v	[10, 30]
head	v	[8, 30]
head	v	[6, 30]
head	v	[4, 30]
head	v	[2, 30]
head	v	[0, 30]
head	v	[32, 32]
head	v	[30, 32]
head	v	[28, 32]
head	v	[26, 32]
head	v	[24, 32]
head	v	[22, 32]
head	v	[20, 32]
head	v	[18, 32]
head	v	[16, 32]
head	v	[14, 32]
head	v	[12, 32]
head	v	[10, 32]
head	v	[8, 32]
head	v	[6, 32]
head	v	[4, 32]
head	v	[2, 32]
head	v	[0, 32]
head	v	[34, 34]
head	v	[32, 34]
head	v	[30, 34]
head	v	[28, 34]
head	v	[26, 34]
head	v	[24, 34]
head	v	[22, 34]
head	v	[20, 34]
head	v	[18, 34]
head	v	[16, 34]
head	v	[14, 34]
head	v	[12, 34]
head	v	[10, 34]
head	v	[8, 34]
head	v	[6, 34]
head	v	[4, 34]
head	v	[2, 34]
head	v	[0, 34]
head	v	[36, 36]
head	v	[34, 36]
head	v	[32, 36]
head	v	[30, 36]
head	v	[28, 36]
head	v	[26, 36]
head	v	[24, 36]
head	v	[22, 36]
head	v	[20, 36]
head	v	[18, 36]
head	v	[16, 36]
head	v	[14, 36]
head	v	[12, 36]
head	v	[10, 36]
head	v	[8, 36]
head	v	[6, 36]
head	v	[4, 36]
head	v	[2, 36]
head	v	[0, 36]
head	v	[38, 38]
head	v	[36, 38]
head	v	[34, 38]
head	v	[32, 38]
head	v	[30, 38]
head	v	[28, 38]
head	v	[26, 38]
head	v	[24, 38]
head	v	[22, 38]
head	v	[20, 38]
head	v	[18, 38]
head	v	[16, 38]
head	v	[14, 38]
head	v	[12, 38]
head	v	[10, 38]
head	v	[8, 38]
head	v	[6, 38]
head	v	[4, 38]
head	v	[2, 38]
head	v	[0, 38]
head	v	[40, 40]
head	v	[38, 40]
head	v	[36, 40]
head	v	[34, 40]
head	v	[32, 40]
head	v	[30, 40]
head	v	[28, 40]
head	v	[26, 40]
head	v	[24, 40]
head	v	[22, 40]
head	v	[20, 40]
head	v	[18, 40]
head	v	[16, 40]
head	v	[14, 40]
head	v	[12, 40]
head	v	[10, 40]
head	v	[8, 40]
head	v	[6, 40]
head	v	[4, 40]
head	v	[2, 40]
head	v	[0, 40]
head	v	[42, 42]
head	v	[40, 42]
head	v	[38, 42]
head	v	[36, 42]
head	v	[34, 42]
head	v	[32, 42]
head	v	[30, 42]
head	v	[28, 42]
head	v	[26, 42]
head	v	[24, 42]
head	v	[22, 42]
head	v	[20, 42]
head	v	[18, 42]
head	v	[16, 42]
head	v	[14, 42]
head	v	[12, 42]
head	v	[10, 42]
head	v	[8, 42]
head	v	[6, 42]
head	v	[4, 42]
head	v	[2, 42]
head	v	[0, 42]
head	v	[44, 44]
head	v	[42, 44]
head	v	[40, 44]
head	v	[38, 44]
head	v	[36, 44]
head	v	[34, 44]
head	v	[32, 44]
head	v	[30, 44]
head	v	[28, 44]
head	v	[26, 44]
head	v	[24, 44]
head	v	[22, 44]
head	v	[20, 44]
head	v	[18, 44]
head	v	[16, 44]
head	v	[14, 44]
head	v	[12, 44]
head	v	[10, 44]
head	v	[8, 44]
head	v	[6, 44]
head	v	[4, 44]
head	v	[2, 44]
head	v	[0, 44]
head	v	[46, 46]
head	v	[44, 46]
head	v	[42, 46]
head	v	[40, 46]
head	v	[38, 46]
head	v	[36, 46]
head	v	[34, 46]
head	v	[32, 46]
head	v	[30, 46]
head	v	[28, 46]
head	v	[26, 46]
head	v	[24, 46]
head	v	[22, 46]
head	v	[20, 46]
head	v	[18, 46]
head	v	[16, 46]
head	v	[14, 46]
head	v	[12, 46]
head	v	[10, 46]
head	v	[8, 46]
head	v	[6, 46]
head	v	[4, 46]
head	v	[2, 46]
head	v	[0, 46]
head	v	[48, 48]
head	v	[46, 48]
head	v	[44, 48]
head	v	[42, 48]
head	v	[40, 48]
head	v	[38, 48]
head	v	[36, 48]
head	v	[34, 48]
head	v	[32, 48]
head	v	[30, 48]
head	v	[28, 48]
head	v	[26, 48]
head	v	[24, 48]
head	v	[22, 48]
head	v	[20, 48]
head	v	[18, 48]
head	v	[16, 48]
head	v	[14, 48]
head	v	[12, 48]
head	v	[10, 48]
head	v	[8, 48]
head	v	[6, 48]
head	v	[4, 48]
head	v	[2, 48]
head	v	[0, 48]
head	v	[50, 50]
head	v	[48, 50]
head	v	[46, 50]
head	v	[44, 50]
head	v	[42, 50]
head	v	[40, 50]
head	v	[38, 50]
head	v	[36, 50]
head	v	[34, 50]
head	v	[32, 50]
head	v	[30, 50]
head	v	[28, 50]
head	v	[26, 50]
head	v	[24, 50]
head	v	[22, 50]
head	v	[20, 50]
head	v	[18, 50]
head	v	[16, 50]
head	v	[14, 50]
head	v	[12, 50]
head	v	[10, 50]
head	v	[8, 50]
head	v	[6, 50]
head	v	[4, 50]
head	v	[2, 50]
head	v	[0, 50]
head	v	[52, 52]
head	v	[50, 52]
head	v	[48, 52]
head	v	[46, 52]
head	v	[44, 52]
head	v	[42, 52]
head	v	[40, 52]
head	v	[38, 52]
head	v	[36, 52]
head	v	[34, 52]
head	v	[32, 52]
head	v	[30, 52]
head	v	[28, 52]
head	v	[26, 52]
head	v	[24, 52]
head	v	[22, 52]
head	v	[20, 52]
head	v	[18, 52]
head	v	[16, 52]
head	v	[14, 52]
head	v	[12, 52]
head	v	[10, 52]
head	v	[8, 52]
head	v	[6, 52]
head	v	[4, 52]
head	v	[2, 52]
head	v	[0, 52]
head	v	[54, 54]
head	v	[52, 54]
head	v	[50, 54]
head	v	[48, 54]
head	v	[46, 54]
head	v	[44, 54]
head	v	[42, 54]
head	v	[40, 54]
head	v	[38, 54]
head	v	[36, 54]
head	v	[34, 54]
head	v	[32, 54]
head	v	[30, 54]
head	v	[28, 54]
head	v	[26, 54]
head	v	[24, 54]
head	v	[22, 54]
head	v	[20, 54]
head	v	[18, 54]
head	v	[16, 54]
head	v	[14, 54]
head	v	[12, 54]
head	v	[10, 54]
head	v	[8, 54]
head	v	[6, 54]
head	v	[4, 54]
head	v	[2, 54]
head	v	[0, 54]
head	v	[56, 56]
head	v	[54, 56]
head	v	[52, 56]
head	v	[50, 56]
head	v	[48, 56]
head	v	[46, 56]
head	v	[44, 56]
head	v	[42, 56]
head	v	[40, 56]
head	v	[38, 56]
head	v	[36, 56]
head	v	[34, 56]
head	v	[32, 56]
head	v	[30, 56]
head	v	[28, 56]
head	v	[26, 56]
head	v	[24, 56]
head	v	[22, 56]
head	v	[20, 56]
head	v	[18, 56]
head	v	[16, 56]
head	v	[14, 56]
head	v	[12, 56]
head	v	[10, 56]
head	v	[8, 56]
head	v	[6, 56]
head	v	[4, 56]
head	v	[2, 56]
head	v	[0, 56]
head	v	[58, 58]
head	v	[56, 58]
head	v	[54, 58]
head	v	[52, 58]
head	v	[50, 58]
head	v	[48, 58]
head	v	[46, 58]
head	v	[44, 58]
head	v	[42, 58]
head	v	[40, 58]
head	v	[38, 58]
head	v	[36, 58]
head	v	[34, 58]
head	v	[32, 58]
head	v	[30, 58]
head	v	[28, 58]
head	v	[26, 58]
head	v	[24, 58]
head	v	[22, 58]
head	v	[20, 58]
head	v	[18, 58]
head	v	[16, 58]
head	v	[14, 58]
head	v	[12, 58]
head	v	[10, 58]
head	v	[8, 58]
head	v	[6, 58]
head	v	[4, 58]
head	v	[2, 58]
head	v	[0, 58]
head	v	[60, 60]
head	v	[58, 60]
head	v	[56, 60]
head	v	[54, 60]
head	v	[52, 60]
head	v	[50, 60]
head	v	[48, 60]
head	v	[46, 60]
head	v	[44, 60]
head	v	[42, 60]
head	v	[40, 60]
head	v	[38, 60]
head	v	[36, 60]
head	v	[34, 60]
head	v	[32, 60]
head	v	[30, 60]
head	v	[28, 60]
head	v	[26, 60]
head	v	[24, 60]
head	v	[22, 60]
head	v	[20, 60]
head	v	[18, 60]
head	v	[16, 60]
head	v	[14, 60]
head	v	[12, 60]
head	v	[10, 60]
head	v	[8, 60]
head	v	[6, 60]
head	v	[4, 60]
head	v	[2, 60]
head	v	[0, 60]
head	v	[62, 62]
head	v	[60, 62]
head	v	[58, 62]
head	v	[56, 62]
head	v	[54, 62]
head	v	[52, 62]
head	v	[50, 62]
head	v	[48, 62]
head	v	[46, 62]
head	v	[44, 62]
head	v	[42, 62]
head	v	[40, 62]
head	v	[38, 62]
head	v	[36, 62]
head	v	[34, 62]
head	v	[32, 62]
head	v	[30, 62]
head	v	[28, 62]
head	v	[26, 62]
head	v	[24, 62]
head	v	[22, 62]
head	v	[20, 62]
head	v	[18, 62]
head	v	[16, 62]
head	v	[14, 62]
head	v	[12, 62]
head	v	[10, 62]
head	v	[8, 62]
head	v	[6, 62]
head	v	[4, 62]
head	v	[2, 62]
head	v	[0, 62]
head	v	[64, 64]
head	v	[62, 64]
head	v	[60, 64]
head	v	[58, 64]
head	v	[56, 64]
head	v	[54, 64]
head	v	[52, 64]
head	v	[50, 64]
head	v	[48, 64]
head	v	[46, 64]
head	v	[44, 64]
head	v	[42, 64]
head	v	[40, 64]
head	v	[38, 64]
head	v	[36, 64]
head	v	[34, 64]
head	v	[32, 64]
head	v	[30, 64]
head	v	[28, 64]
head	v	[26, 64]
head	v	[24, 64]
head	v	[22, 64]
head	v	[20, 64]
head	v	[18, 64]
head	v	[16, 64]
head	v	[14, 64]
head	v	[12, 64]
head	v	[10, 64]
head	v	[8, 64]
head	v	[6, 64]
head	v	[4, 64]
head	v	[2, 64]
head	v	[0, 64]
head	v	[66, 66]
head	v	[64, 66]
head	v	[62, 66]
head	v	[60, 66]
head	v	[58, 66]
head	v	[56, 66]
head	v	[54, 66]
head	v	[52, 66]
head	v	[50, 66]
head	v	[48, 66]
head	v	[46, 66]
head	v	[44, 66]
head	v	[42, 66]
head	v	[40, 66]
head	v	[38, 66]
head	v	[36, 66]
head	v	[34, 66]
head	v	[32, 66]
head	v	[30, 66]
head	v	[28, 66]
head	v	[26, 66]
head	v	[24, 66]
head	v	[22, 66]
head	v	[20, 66]
head	v	[18, 66]
head	v	[16, 66]
head	v	[14, 66]
head	v	[12, 66]
head	v	[10, 66]
head	v	[8, 66]
head	v	[6, 66]
head	v	[4, 66]
head	v	[2, 66]
head	v	[0, 66]
head	v	[68, 68]
head	v	[66, 68]
head	v	[64, 68]
head	v	[62, 68]
head	v	[60, 68]
head	v	[58, 68]
head	v	[56, 68]
head	v	[54, 68]
head	v	[52, 68]
head	v	[50, 68]
head	v	[48, 68]
head	v	[46, 68]
head	v	[44, 68]
head	v	[42, 68]
head	v	[40, 68]
head	v	[38, 68]
head	v	[36, 68]
head	v	[34, 68]
head	v	[32, 68]
head	v	[30, 68]
head	v	[28, 68]
head	v	[26, 68]
head	v	[24, 68]
head	v	[22, 68]
head	v	[20, 68]
head	v	[18, 68]
head	v	[16, 68]
head	v	[14, 68]
head	v	[12, 68]
head	v	[10, 68]
head	v	[8, 68]
head	v	[6, 68]
head	v	[4, 68]
head	v	[2, 68]
head	v	[0, 68]
head	v	[70, 70]
head	v	[68, 70]
head	v	[66, 70]
head	v	[64, 70]
head	v	[62, 70]
head	v	[60, 70]
head	v	[58, 70]
head	v	[56, 70]
head	v	[54, 70]
head	v	[52, 70]
head	v	[50, 70]
head	v	[48, 70]
head	v	[46, 70]
head	v	[44, 70]
head	v	[42, 70]
head	v	[40, 70]
head	v	[38, 70]
head	v	[36, 70]
head	v	[34, 70]
head	v	[32, 70]
head	v	[30, 70]
head	v	[28, 70]
head	v	[26, 70]
head	v	[24, 70]
head	v	[22, 70]
head	v	[20, 70]
head	v	[18, 70]
head	v	[16, 70]
head	v	[14, 70]
head	v	[12, 70]
head	v	[10, 70]
head	v	[8, 70]
head	v	[6, 70]
head	v	[4, 70]
head	v	[2, 70]
head	v	[0, 70]
head	v	[72, 72]
head	v	[70, 72]
head	v	[68, 72]
head	v	[66, 72]
head	v	[64, 72]
head	v	[62, 72]
head	v	[60, 72]
head	v	[58, 72]
head	v	[56, 72]
head	v	[54, 72]
head	v	[52, 72]
head	v	[50, 72]
head	v	[48, 72]
head	v	[46, 72]
head	v	[44, 72]
head	v	[42, 72]
head	v	[40, 72]
head	v	[38, 72]
head	v	[36, 72]
head	v	[34, 72]
head	v	[32, 72]
head	v	[30, 72]
head	v	[28, 72]
head	v	[26, 72]
head	v	[24, 72]
head	v	[22, 72]
head	v	[20, 72]
head	v	[18, 72]
head	v	[16, 72]
head	v	[14, 72]
head	v	[12, 72]
head	v	[10, 72]
head	v	[8, 72]
head	v	[6, 72]
head	v	[4, 72]
head	v	[2, 72]
head	v	[0, 72]
head	v	[74, 74]
head	v	[72, 74]
head	v	[70, 74]
head	v	[68, 74]
head	v	[66, 74]
head	v	[64, 74]
head	v	[62, 74]
head	v	[60, 74]
head	v	[58, 74]
head	v	[56, 74]
head	v	[54, 74]
head	v	[52, 74]
head	v	[50, 74]
head	v	[48, 74]
head	v	[46, 74]
head	v	[44, 74]
head	v	[42, 74]
head	v	[40, 74]
head	v	[38, 74]
head	v	[36, 74]
head	v	[34, 74]
head	v	[32, 74]
head	v	[30, 74]
head	v	[28, 74]
head	v	[26, 74]
head	v	[24, 74]
head	v	[22, 74]
head	v	[20, 74]
head	v	[18, 74]
head	v	[16, 74]
head	v	[14, 74]
head	v	[12, 74]
head	v	[10, 74]
head	v	[8, 74]
head	v	[6, 74]
head	v	[4, 74]
head	v	[2, 74]
head	v	[0, 74]
head	v	[76, 76]
head	v	[74, 76]
head	v	[72, 76]
head	v	[70, 76]
head	v	[68, 76]
head	v	[66, 76]
head	v	[64, 76]
head	v	[62, 76]
head	v	[60, 76]
head	v	[58, 76]
head	v	[56, 76]
head	v	[54, 76]
head	v	[52, 76]
head	v	[50, 76]
head	v	[48, 76]
head	v	[46, 76]
head	v	[44, 76]
head	v	[42, 76]
head	v	[40, 76]
head	v	[38, 76]
head	v	[36, 76]
head	v	[34, 76]
head	v	[32, 76]
head	v	[30, 76]
head	v	[28, 76]
head	v	[26, 76]
head	v	[24, 76]
head	v	[22, 76]
head	v	[20, 76]
head	v	[18, 76]
head	v	[16, 76]
head	v	[14, 76]
head	v	[12, 76]
head	v	[10, 76]
head	v	[8, 76]
head	v	[6, 76]
head	v	[4, 76]
head	v	[2, 76]
head	v	[0, 76]
head	v	[78, 78]
head	v	[76, 78]
head	v	[74, 78]
head	v	[72, 78]
head	v	[70, 78]
head	v	[68, 78]
head	v	[66, 78]
head	v	[64, 78]
head	v	[62, 78]
head	v	[60, 78]
head	v	[58, 78]
head	v	[56, 78]
head	v	[54, 78]
head	v	[52, 78]
head	v	[50, 78]
head	v	[48, 78]
head	v	[46, 78]
head	v	[44, 78]
head	v	[42, 78]
head	v	[40, 78]
head	v	[38, 78]
head	v	[36, 78]
head	v	[34, 78]
head	v	[32, 78]
head	v	[30, 78]
head	v	[28, 78]
head	v	[26, 78]
head	v	[24, 78]
head	v	[22, 78]
head	v	[20, 78]
head	v	[18, 78]
head	v	[16, 78]
head	v	[14, 78]
head	v	[12, 78]
head	v	[10, 78]
head	v	[8, 78]
head	v	[6, 78]
head	v	[4, 78]
head	v	[2, 78]
head	v	[0, 78]
head	v	[80, 80]
head	v	[78, 80]
head	v	[76, 80]
head	v	[74, 80]
head	v	[72, 80]
head	v	[70, 80]
head	v	[68, 80]
head	v	[66, 80]
head	v	[64, 80]
head	v	[62, 80]
head	v	[60, 80]
head	v	[58, 80]
head	v	[56, 80]
head	v	[54, 80]
head	v	[52, 80]
head	v	[50, 80]
head	v	[48, 80]
head	v	[46, 80]
head	v	[44, 80]
head	v	[42, 80]
head	v	[40, 80]
head	v	[38, 80]
head	v	[36, 80]
head	v	[34, 80]
head	v	[32, 80]
head	v	[30, 80]
head	v	[28, 80]
head	v	[26, 80]
head	v	[24, 80]
head	v	[22, 80]
head	v	[20, 80]
head	v	[18, 80]
head	v	[16, 80]
head	v	[14, 80]
head	v	[12, 80]
head	v	[10, 80]
head	v	[8, 80]
head	v	[6, 80]
head	v	[4, 80]
head	v	[2, 80]
head	v	[0, 80]
head	v	[82, 82]
head	v	[80, 82]
head	v	[78, 82]
head	v	[76, 82]
head	v	[74, 82]
head	v	[72, 82]
head	v	[70, 82]
head	v	[68, 82]
head	v	[66, 82]
head	v	[64, 82]
head	v	[62, 82]
head	v	[60, 82]
head	v	[58, 82]
head	v	[56, 82]
head	v	[54, 82]
head	v	[52, 82]
head	v	[50, 82]
head	v	[48, 82]
head	v	[46, 82]
head	v	[44, 82]
head	v	[42, 82]
head	v	[40, 82]
head	v	[38, 82]
head	v	[36, 82]
head	v	[34, 82]
head	v	[32, 82]
head	v	[30, 82]
head	v	[28, 82]
head	v	[26, 82]
head	v	[24, 82]
head	v	[22, 82]
head	v	[20, 82]
head	v	[18, 82]
head	v	[16, 82]
head	v	[14, 82]
head	v	[12, 82]
head	v	[10, 82]
head	v	[8, 82]
head	v	[6, 82]
head	v	[4, 82]
head	v	[2, 82]
head	v	[0, 82]
head	v	[84, 84]
head	v	[82, 84]
head	v	[80, 84]
head	v	[78, 84]
head	v	[76, 84]
head	v	[74, 84]
head	v	[72, 84]
head	v	[70, 84]
head	v	[68, 84]
head	v	[66, 84]
head	v	[64, 84]
head	v	[62, 84]
head	v	[60, 84]
head	v	[58, 84]
head	v	[56, 84]
head	v	[54, 84]
head	v	[52, 84]
head	v	[50, 84]
head	v	[48, 84]
head	v	[46, 84]
head	v	[44, 84]
head	v	[42, 84]
head	v	[40, 84]
head	v	[38, 84]
head	v	[36, 84]
head	v	[34, 84]
head	v	[32, 84]
head	v	[30, 84]
head	v	[28, 84]
head	v	[26, 84]
head	v	[24, 84]
head	v	[22, 84]
head	v	[20, 84]
head	v	[18, 84]
head	v	[16, 84]
head	v	[14, 84]
head	v	[12, 84]
head	v	[10, 84]
head	v	[8, 84]
head	v	[6, 84]
head	v	[4, 84]
head	v	[2, 84]
head	v	[0, 84]
head	v	[86, 86]
head	v	[84, 86]
head	v	[82, 86]
head	v	[80, 86]
head	v	[78, 86]
head	v	[76, 86]
head	v	[74, 86]
head	v	[72, 86]
head	v	[70, 86]
head	v	[68, 86]
head	v	[66, 86]
head	v	[64, 86]
head	v	[62, 86]
head	v	[60, 86]
head	v	[58, 86]
head	v	[56, 86]
head	v	[54, 86]
head	v	[52, 86]
head	v	[50, 86]
head	v	[48, 86]
head	v	[46, 86]
head	v	[44, 86]
head	v	[42, 86]
head	v	[40, 86]
head	v	[38, 86]
head	v	[36, 86]
head	v	[34, 86]
head	v	[32, 86]
head	v	[30, 86]
head	v	[28, 86]
head	v	[26, 86]
head	v	[24, 86]
head	v	[22, 86]
head	v	[20, 86]
head	v	[18, 86]
head	v	[16, 86]
head	v	[14, 86]
head	v	[12, 86]
head	v	[10, 86]
head	v	[8, 86]
head	v	[6, 86]
head	v	[4, 86]
head	v	[2, 86]
head	v	[0, 86]
head	v	[88, 88]
head	v	[86, 88]
head	v	[84, 88]
head	v	[82, 88]
head	v	[80, 88]
head	v	[78, 88]
head	v	[76, 88]
head	v	[74, 88]
head	v	[72, 88]
head	v	[70, 88]
head	v	[68, 88]
head	v	[66, 88]
head	v	[64, 88]
head	v	[62, 88]
head	v	[60, 88]
head	v	[58, 88]
head	v	[56, 88]
head	v	[54, 88]
head	v	[52, 88]
head	v	[50, 88]
head	v	[48, 88]
head	v	[46, 88]
head	v	[44, 88]
head	v	[42, 88]
head	v	[40, 88]
head	v	[38, 88]
head	v	[36, 88]
head	v	[34, 88]
head	v	[32, 88]
head	v	[30, 88]
head	v	[28, 88]
head	v	[26, 88]
head	v	[24, 88]
head	v	[22, 88]
head	v	[20, 88]
head	v	[18, 88]
head	v	[16, 88]
head	v	[14, 88]
head	v	[12, 88]
head	v	[10, 88]
head	v	[8, 88]
head	v	[6, 88]
head	v	[4, 88]
head	v	[2, 88]
head	v	[0, 88]
head	v	[90, 90]
head	v	[88, 90]
head	v	[86, 90]
head	v	[84, 90]
head	v	[82, 90]
head	v	[80, 90]
head	v	[78, 90]
head	v	[76, 90]
head	v	[74, 90]
head	v	[72, 90]
head	v	[70, 90]
head	v	[68, 90]
head	v	[66, 90]
head	v	[64, 90]
head	v	[62, 90]
head	v	[60, 90]
head	v	[58, 90]
head	v	[56, 90]
head	v	[54, 90]
head	v	[52, 90]
head	v	[50, 90]
head	v	[48, 90]
head	v	[46, 90]
head	v	[44, 90]
head	v	[42, 90]
head	v	[40, 90]
head	v	[38, 90]
head	v	[36, 90]
head	v	[34, 90]
head	v	[32, 90]
head	v	[30, 90]
head	v	[28, 90]
head	v	[26, 90]
head	v	[24, 90]
head	v	[22, 90]
head	v	[20, 90]
head	v	[18, 90]
head	v	[16, 90]
head	v	[14, 90]
head	v	[12, 90]
head	v	[10, 90]
head	v	[8, 90]
head	v	[6, 90]
head	v	[4, 90]
head	v	[2, 90]
head	v	[0, 90]
head	v	[92, 92]
head	v	[90, 92]
head	v	[88, 92]
head	v	[86, 92]
head	v	[84, 92]
head	v	[82, 92]
head	v	[80, 92]
head	v	[78, 92]
head	v	[76, 92]
head	v	[74, 92]
head	v	[72, 92]
head	v	[70, 92]
head	v	[68, 92]
head	v	[66, 92]
head	v	[64, 92]
head	v	[62, 92]
head	v	[60, 92]
head	v	[58, 92]
head	v	[56, 92]
head	v	[54, 92]
head	v	[52, 92]
head	v	[50, 92]
head	v	[48, 92]
head	v	[46, 92]
head	v	[44, 92]
head	v	[42, 92]
head	v	[40, 92]
head	v	[38, 92]
head	v	[36, 92]
head	v	[34, 92]
head	v	[32, 92]
head	v	[30, 92]
head	v	[28, 92]
head	v	[26, 92]
head	v	[24, 92]
head	v	[22, 92]
head	v	[20, 92]
head	v	[18, 92]
head	v	[16, 92]
head	v	[14, 92]
head	v	[12, 92]
head	v	[10, 92]
head	v	[8, 92]
head	v	[6, 92]
head	v	[4, 92]
head	v	[2, 92]
head	v	[0, 92]
head	v	[94, 94]
head	v	[92, 94]
head	v	[90, 94]
head	v	[88, 94]
head	v	[86, 94]
head	v	[84, 94]
head	v	[82, 94]
head	v	[80, 94]
head	v	[78, 94]
head	v	[76, 94]
head	v	[74, 94]
head	v	[72, 94]
head	v	[70, 94]
head	v	[68, 94]
head	v	[66, 94]
head	v	[64, 94]
head	v	[62, 94]
head	v	[60, 94]
head	v	[58, 94]
head	v	[56, 94]
head	v	[54, 94]
head	v	[52, 94]
head	v	[50, 94]
head	v	[48, 94]
head	v	[46, 94]
head	v	[44, 94]
head	v	[42, 94]
head	v	[40, 94]
head	v	[38, 94]
head	v	[36, 94]
head	v	[34, 94]
head	v	[32, 94]
head	v	[30, 94]
head	v	[28, 94]
head	v	[26, 94]
head	v	[24, 94]
head	v	[22, 94]
head	v	[20, 94]
head	v	[18, 94]
head	v	[16, 94]
head	v	[14, 94]
head	v	[12, 94]
head	v	[10, 94]
head	v	[8, 94]
head	v	[6, 94]
head	v	[4, 94]
head	v	[2, 94]
head	v	[0, 94]
head	v	[96, 96]
head	v	[94, 96]
head	v	[92, 96]
head	v	[90, 96]
head	v	[88, 96]
head	v	[86, 96]
head	v	[84, 96]
head	v	[82, 96]
head	v	[80, 96]
head	v	[78, 96]
head	v	[76, 96]
head	v	[74, 96]
head	v	[72, 96]
head	v	[70, 96]
head	v	[68, 96]
head	v	[66, 96]
head	v	[64, 96]
head	v	[62, 96]
head	v	[60, 96]
head	v	[58, 96]
head	v	[56, 96]
head	v	[54, 96]
head	v	[52, 96]
head	v	[50, 96]
head	v	[48, 96]
head	v	[46, 96]
head	v	[44, 96]
head	v	[42, 96]
head	v	[40, 96]
head	v	[38, 96]
head	v	[36, 96]
head	v	[34, 96]
head	v	[32, 96]
head	v	[30, 96]
head	v	[28, 96]
head	v	[26, 96]
head	v	[24, 96]
head	v	[22, 96]
head	v	[20, 96]
head	v	[18, 96]
head	v	[16, 96]
head	v	[14, 96]
head	v	[12, 96]
head	v	[10, 96]
head	v	[8, 96]
head	v	[6, 96]
head	v	[4, 96]
head	v	[2, 96]
head	v	[0, 96]
head	v	[98, 98]
head	v	[96, 98]
head	v	[94, 98]
head	v	[92, 98]
head	v	[90, 98]
head	v	[88, 98]
head	v	[86, 98]
head	v	[84, 98]
head	v	[82, 98]
head	v	[80, 98]
head	v	[78, 98]
head	v	[76, 98]
head	v	[74, 98]
head	v	[72, 98]
head	v	[70, 98]
head	v	[68, 98]
head	v	[66, 98]
head	v	[64, 98]
head	v	[62, 98]
head	v	[60, 98]
head	v	[58, 98]
head	v	[56, 98]
head	v	[54, 98]
head	v	[52, 98]
head	v	[50, 98]
head	v	[48, 98]
head	v	[46, 98]
head	v	[44, 98]
head	v	[42, 98]
head	v	[40, 98]
head	v	[38, 98]
head	v	[36, 98]
head	v	[34, 98]
head	v	[32, 98]
head	v	[30, 98]
head	v	[28, 98]
head	v	[26, 98]
head	v	[24, 98]
head	v	[22, 98]
head	v	[20, 98]
head	v	[18, 98]
head	v	[16, 98]
head	v	[14, 98]
head	v	[12, 98]
head	v	[10, 98]
head	v	[8, 98]
head	v	[6, 98]
head	v	[4, 98]
head	v	[2, 98]
head	v	[0, 98]
head	v	[100, 100]
head	v	[98, 100]
head	v	[96, 100]
head	v	[94, 100]
head	v	[92, 100]
head	v	[90, 100]
head	v	[88, 100]
head	v	[86, 100]
head	v	[84, 100]
head	v	[82, 100]
head	v	[80, 100]
head	v	[78, 100]
head	v	[76, 100]
head	v	[74, 100]
head	v	[72, 100]
head	v	[70, 100]
head	v	[68, 100]
head	v	[66, 100]
head	v	[64, 100]
head	v	[62, 100]
head	v	[60, 100]
head	v	[58, 100]
head	v	[56, 100]
head	v	[54, 100]
head	v	[52, 100]
head	v	[50, 100]
head	v	[48, 100]
head	v	[46, 100]
head	v	[44, 100]
head	v	[42, 100]
head	v	[40, 100]
head	v	[38, 100]
head	v	[36, 100]
head	v	[34, 100]
head	v	[32, 100]
head	v	[30, 100]
head	v	[28, 100]
head	v	[26, 100]
head	v	[24, 100]
head	v	[22, 100]
head	v	[20, 100]
head	v	[18, 100]
head	v	[16, 100]
head	v	[14, 100]
head	v	[12, 100]
head	v	[10, 100]
head	v	[8, 100]
head	v	[6, 100]
head	v	[4, 100]
head	v	[2, 100]
head	v	[0, 100]
head	v	[102, 102]
head	v	[100, 102]
head	v	[98, 102]
head	v	[96, 102]
head	v	[94, 102]
head	v	[92, 102]
head	v	[90, 102]
head	v	[88, 102]
head	v	[86, 102]
head	v	[84, 102]
head	v	[82, 102]
head	v	[80, 102]
head	v	[78, 102]
head	v	[76, 102]
head	v	[74, 102]
head	v	[72, 102]
head	v	[70, 102]
head	v	[68, 102]
head	v	[66, 102]
head	v	[64, 102]
head	v	[62, 102]
head	v	[60, 102]
head	v	[58, 102]
head	v	[56, 102]
head	v	[54, 102]
head	v	[52, 102]
head	v	[50, 102]
head	v	[48, 102]
head	v	[46, 102]
head	v	[44, 102]
head	v	[42, 102]
head	v	[40, 102]
head	v	[38, 102]
head	v	[36, 102]
head	v	[34, 102]
head	v	[32, 102]
head	v	[30, 102]
head	v	[28, 102]
head	v	[26, 102]
head	v	[24, 102]
head	v	[22, 102]
head	v	[20, 102]
head	v	[18, 102]
head	v	[16, 102]
head	v	[14, 102]
head	v	[12, 102]
head	v	[10, 102]
head	v	[8, 102]
head	v	[6, 102]
head	v	[4, 102]
head	v	[2, 102]
head	v	[0, 102]
cond	v	[0, 0]
cond	v	[2, 2]
cond	v	[0, 2]
cond	v	[4, 4]
cond	v	[2, 4]
cond	v	[0, 4]
cond	v	[6, 6]
cond	v	[4, 6]
cond	v	[2, 6]
cond	v	[0, 6]
cond	v	[8, 8]
cond	v	[6, 8]
cond	v	[4, 8]
cond	v	[2, 8]
cond	v	[0, 8]
cond	v	[10, 10]
cond	v	[8, 10]
cond	v	[6, 10]
cond	v	[4, 10]
cond	v	[2, 10]
cond	v	[0, 10]
cond	v	[12, 12]
cond	v	[10, 12]
cond	v	[8, 12]
cond	v	[6, 12]
cond	v	[4, 12]
cond	v	[2, 12]
cond	v	[0, 12]
cond	v	[14, 14]
cond	v	[12, 14]
cond	v	[10, 14]
cond	v	[8, 14]
cond	v	[6, 14]
cond	v	[4, 14]
cond	v	[2, 14]
cond	v	[0, 14]
cond	v	[16, 16]
cond	v	[14, 16]
cond	v	[12, 16]
cond	v	[10, 16]
cond	v	[8, 16]
cond	v	[6, 16]
cond	v	[4, 16]
cond	v	[2, 16]
cond	v	[0, 16]
cond	v	[18, 18]
cond	v	[16, 18]
cond	v	[14, 18]
cond	v	[12, 18]
cond	v	[10, 18]
cond	v	[8, 18]
cond	v	[6, 18]
cond	v	[4, 18]
cond	v	[2, 18]
cond	v	[0, 18]
cond	v	[20, 20]
cond	v	[18, 20]
cond	v	[16, 20]
cond	v	[14, 20]
cond	v	[12, 20]
cond	v	[10, 20]
cond	v	[8, 20]
cond	v	[6, 20]
cond	v	[4, 20]
cond	v	[2, 20]
cond	v	[0, 20]
cond	v	[22, 22]
cond	v	[20, 22]
cond	v	[18, 22]
cond	v	[16, 22]
cond	v	[14, 22]
cond	v	[12, 22]
cond	v	[10, 22]
cond	v	[8, 22]
cond	v	[6, 22]
cond	v	[4, 22]
cond	v	[2, 22]
cond	v	[0, 22]
cond	v	[24, 24]
cond	v	[22, 24]
cond	v	[20, 24]
cond	v	[18, 24]
cond	v	[16, 24]
cond	v	[14, 24]
cond	v	[12, 24]
cond	v	[10, 24]
cond	v	[8, 24]
cond	v	[6, 24]
cond	v	[4, 24]
cond	v	[2, 24]
cond	v	[0, 24]
cond	v	[26, 26]
cond	v	[24, 26]
cond	v	[22, 26]
cond	v	[20, 26]
cond	v	[18, 26]
cond	v	[16, 26]
cond	v	[14, 26]
cond	v	[12, 26]
cond	v	[10, 26]
cond	v	[8, 26]
cond	v	[6, 26]
cond	v	[4, 26]
cond	v	[2, 26]
cond	v	[0, 26]
cond	v	[28, 28]
cond	v	[26, 28]
cond	v	[24, 28]
cond	v	[22, 28]
cond	v	[20, 28]
cond	v	[18, 28]
cond	v	[16, 28]
cond	v	[14, 28]
cond	v	[12, 28]
cond	v	[10, 28]
cond	v	[8, 28]
cond	v	[6, 28]
cond	v	[4, 28]
cond	v	[2, 28]
cond	v	[0, 28]
cond	v	[30, 30]
cond	v	[28, 30]
cond	v	[26, 30]
cond	v	[24, 30]
cond	v	[22, 30]
cond	v	[20, 30]
cond	v	[18, 30]
cond	v	[16, 30]
cond	v	[14, 30]
cond	v	[12, 30]
cond	v	[10, 30]
cond	v	[8, 30]
cond	v	[6, 30]
cond	v	[4, 30]
cond	v	[2, 30]
cond	v	[0, 30]
cond	v	[32, 32]
cond	v	[30, 32]
cond	v	[28, 32]
cond	v	[26, 32]
cond	v	[24, 32]
cond	v	[22, 32]
cond	v	[20, 32]
cond	v	[18, 32]
cond	v	[16, 32]
cond	v	[14, 32]
cond	v	[12, 32]
cond	v	[10, 32]
cond	v	[8, 32]
cond	v	[6, 32]
cond	v	[4, 32]
cond	v	[2, 32]
cond	v	[0, 32]
cond	v	[34, 34]
cond	v	[32, 34]
cond	v	[30, 34]
cond	v	[28, 34]
cond	v	[26, 34]
cond	v	[24, 34]
cond	v	[22, 34]
cond	v	[20, 34]
cond	v	[18, 34]
cond	v	[16, 34]
cond	v	[14, 34]
cond	v	[12, 34]
cond	v	[10, 34]
cond	v	[8, 34]
cond	v	[6, 34]
cond	v	[4, 34]
cond	v	[2, 34]
cond	v	[0, 34]
cond	v	[36, 36]
cond	v	[34, 36]
cond	v	[32, 36]
cond	v	[30, 36]
cond	v	[28, 36]
cond	v	[26, 36]
cond	v	[24, 36]
cond	v	[22, 36]
cond	v	[20, 36]
cond	v	[18, 36]
cond	v	[16, 36]
cond	v	[14, 36]
cond	v	[12, 36]
cond	v	[10, 36]
cond	v	[8, 36]
cond	v	[6, 36]
cond	v	[4, 36]
cond	v	[2, 36]
cond	v	[0, 36]
cond	v	[38, 38]
cond	v	[36, 38]
cond	v	[34, 38]
cond	v	[32, 38]
cond	v	[30, 38]
cond	v	[28, 38]
cond	v	[26, 38]
cond	v	[24, 38]
cond	v	[22, 38]
cond	v	[20, 38]
cond	v	[18, 38]
cond	v	[16, 38]
cond	v	[14, 38]
cond	v	[12, 38]
cond	v	[10, 38]
cond	v	[8, 38]
cond	v	[6, 38]
cond	v	[4, 38]
cond	v	[2, 38]
cond	v	[0, 38]
cond	v	[40, 40]
cond	v	[38, 40]
cond	v	[36, 40]
cond	v	[34, 40]
cond	v	[32, 40]
cond	v	[30, 40]
cond	v	[28, 40]
cond	v	[26, 40]
cond	v	[24, 40]
cond	v	[22, 40]
cond	v	[20, 40]
cond	v	[18, 40]
cond	v	[16, 40]
cond	v	[14, 40]
cond	v	[12, 40]
cond	v	[10, 40]
cond	v	[8, 40]
cond	v	[6, 40]
cond	v	[4, 40]
cond	v	[2, 40]
cond	v	[0, 40]
cond	v	[42, 42]
cond	v	[40, 42]
cond	v	[38, 42]
cond	v	[36, 42]
cond	v	[34, 42]
cond	v	[32, 42]
cond	v	[30, 42]
cond	v	[28, 42]
cond	v	[26, 42]
cond	v	[24, 42]
cond	v	[22, 42]
cond	v	[20, 42]
cond	v	[18, 42]
cond	v	[16, 42]
cond	v	[14, 42]
cond	v	[12, 42]
cond	v	[10, 42]
cond	v	[8, 42]
cond	v	[6, 42]
cond	v	[4, 42]
cond	v	[2, 42]
cond	v	[0, 42]
cond	v	[44, 44]
cond	v	[42, 44]
cond	v	[40, 44]
cond	v	[38, 44]
cond	v	[36, 44]
cond	v	[34, 44]
cond	v	[32, 44]
cond	v	[30, 44]
cond	v	[28, 44]
cond	v	[26, 44]
cond	v	[24, 44]
cond	v	[22, 44]
cond	v	[20, 44]
cond	v	[18, 44]
cond	v	[16, 44]
cond	v	[14, 44]
cond	v	[12, 44]
cond	v	[10, 44]
cond	v	[8, 44]
cond	v	[6, 44]
cond	v	[4, 44]
cond	v	[2, 44]
cond	v	[0, 44]
cond	v	[46, 46]
cond	v	[44, 46]
cond	v	[42, 46]
cond	v	[40, 46]
cond	v	[38, 46]
cond	v	[36, 46]
cond	v	[34, 46]
cond	v	[32, 46]
cond	v	[30, 46]
cond	v	[28, 46]
cond	v	[26, 46]
cond	v	[24, 46]
cond	v	[22, 46]
cond	v	[20, 46]
cond	v	[18, 46]
cond	v	[16, 46]
cond	v	[14, 46]
cond	v	[12, 46]
cond	v	[10, 46]
cond	v	[8, 46]
cond	v	[6, 46]
cond	v	[4, 46]
cond	v	[2, 46]
cond	v	[0, 46]
cond	v	[48, 48]
cond	v	[46, 48]
cond	v	[44, 48]
cond	v	[42, 48]
cond	v	[40, 48]
cond	v	[38, 48]
cond	v	[36, 48]
cond	v	[34, 48]
cond	v	[32, 48]
cond	v	[30, 48]
cond	v	[28, 48]
cond	v	[26, 48]
cond	v	[24, 48]
cond	v	[22, 48]
cond	v	[20, 48]
cond	v	[18, 48]
cond	v	[16, 48]
cond	v	[14, 48]
cond	v	[12, 48]
cond	v	[10, 48]
cond	v	[8, 48]
cond	v	[6, 48]
cond	v	[4, 48]
cond	v	[2, 48]
cond	v	[0, 48]
cond	v	[50, 50]
cond	v	[48, 50]
cond	v	[46, 50]
cond	v	[44, 50]
cond	v	[42, 50]
cond	v	[40, 50]
cond	v	[38, 50]
cond	v	[36, 50]
cond	v	[34, 50]
cond	v	[32, 50]
cond	v	[30, 50]
cond	v	[28, 50]
cond	v	[26, 50]
cond	v	[24, 50]
cond	v	[22, 50]
cond	v	[20, 50]
cond	v	[18, 50]
cond	v	[16, 50]
cond	v	[14, 50]
cond	v	[12, 50]
cond	v	[10, 50]
cond	v	[8, 50]
cond	v	[6, 50]
cond	v	[4, 50]
cond	v	[2, 50]
cond	v	[0, 50]
cond	v	[52, 52]
cond	v	[50, 52]
cond	v	[48, 52]
cond	v	[46, 52]
cond	v	[44, 52]
cond	v	[42, 52]
cond	v	[40, 52]
cond	v	[38, 52]
cond	v	[36, 52]
cond	v	[34, 52]
cond	v	[32, 52]
cond	v	[30, 52]
cond	v	[28, 52]
cond	v	[26, 52]
cond	v	[24, 52]
cond	v	[22, 52]
cond	v	[20, 52]
cond	v	[18, 52]
cond	v	[16, 52]
cond	v	[14, 52]
cond	v	[12, 52]
cond	v	[10, 52]
cond	v	[8, 52]
cond	v	[6, 52]
cond	v	[4, 52]
cond	v	[2, 52]
cond	v	[0, 52]
cond	v	[54, 54]
cond	v	[52, 54]
cond	v	[50, 54]
cond	v	[48, 54]
cond	v	[46, 54]
cond	v	[44, 54]
cond	v	[42, 54]
cond	v	[40, 54]
cond	v	[38, 54]
cond	v	[36, 54]
cond	v	[34, 54]
cond	v	[32, 54]
cond	v	[30, 54]
cond	v	[28, 54]
cond	v	[26, 54]
cond	v	[24, 54]
cond	v	[22, 54]
cond	v	[20, 54]
cond	v	[18, 54]
cond	v	[16, 54]
cond	v	[14, 54]
cond	v	[12, 54]
cond	v	[10, 54]
cond	v	[8, 54]
cond	v	[6, 54]
cond	v	[4, 54]
cond	v	[2, 54]
cond	v	[0, 54]
cond	v	[56, 56]
cond	v	[54, 56]
cond	v	[52, 56]
cond	v	[50, 56]
cond	v	[48, 56]
cond	v	[46, 56]
cond	v	[44, 56]
cond	v	[42, 56]
cond	v	[40, 56]
cond	v	[38, 56]
cond	v	[36, 56]
cond	v	[34, 56]
cond	v	[32, 56]
cond	v	[30, 56]
cond	v	[28, 56]
cond	v	[26, 56]
cond	v	[24, 56]
cond	v	[22, 56]
cond	v	[20, 56]
cond	v	[18, 56]
cond	v	[16, 56]
cond	v	[14, 56]
cond	v	[12, 56]
cond	v	[10, 56]
cond	v	[8, 56]
cond	v	[6, 56]
cond	v	[4, 56]
cond	v	[2, 56]
cond	v	[0, 56]
cond	v	[58, 58]
cond	v	[56, 58]
cond	v	[54, 58]
cond	v	[52, 58]
cond	v	[50, 58]
cond	v	[48, 58]
cond	v	[46, 58]
cond	v	[44, 58]
cond	v	[42, 58]
cond	v	[40, 58]
cond	v	[38, 58]
cond	v	[36, 58]
cond	v	[34, 58]
cond	v	[32, 58]
cond	v	[30, 58]
cond	v	[28, 58]
cond	v	[26, 58]
cond	v	[24, 58]
cond	v	[22, 58]
cond	v	[20, 58]
cond	v	[18, 58]
cond	v	[16, 58]
cond	v	[14, 58]
cond	v	[12, 58]
cond	v	[10, 58]
cond	v	[8, 58]
cond	v	[6, 58]
cond	v	[4, 58]
cond	v	[2, 58]
cond	v	[0, 58]
cond	v	[60, 60]
cond	v	[58, 60]
cond	v	[56, 60]
cond	v	[54, 60]
cond	v	[52, 60]
cond	v	[50, 60]
cond	v	[48, 60]
cond	v	[46, 60]
cond	v	[44, 60]
cond	v	[42, 60]
cond	v	[40, 60]
cond	v	[38, 60]
cond	v	[36, 60]
cond	v	[34, 60]
cond	v	[32, 60]
cond	v	[30, 60]
cond	v	[28, 60]
cond	v	[26, 60]
cond	v	[24, 60]
cond	v	[22, 60]
cond	v	[20, 60]
cond	v	[18, 60]
cond	v	[16, 60]
cond	v	[14, 60]
cond	v	[12, 60]
cond	v	[10, 60]
cond	v	[8, 60]
cond	v	[6, 60]
cond	v	[4, 60]
cond	v	[2, 60]
cond	v	[0, 60]
cond	v	[62, 62]
cond	v	[60, 62]
cond	v	[58, 62]
cond	v	[56, 62]
cond	v	[54, 62]
cond	v	[52, 62]
cond	v	[50, 62]
cond	v	[48, 62]
cond	v	[46, 62]
cond	v	[44, 62]
cond	v	[42, 62]
cond	v	[40, 62]
cond	v	[38, 62]
cond	v	[36, 62]
cond	v	[34, 62]
cond	v	[32, 62]
cond	v	[30, 62]
cond	v	[28, 62]
cond	v	[26, 62]
cond	v	[24, 62]
cond	v	[22, 62]
cond	v	[20, 62]
cond	v	[18, 62]
cond	v	[16, 62]
cond	v	[14, 62]
cond	v	[12, 62]
cond	v	[10, 62]
cond	v	[8, 62]
cond	v	[6, 62]
cond	v	[4, 62]
cond	v	[2, 62]
cond	v	[0, 62]
cond	v	[64, 64]
cond	v	[62, 64]
cond	v	[60, 64]
cond	v	[58, 64]
cond	v	[56, 64]
cond	v	[54, 64]
cond	v	[52, 64]
cond	v	[50, 64]
cond	v	[48, 64]
cond	v	[46, 64]
cond	v	[44, 64]
cond	v	[42, 64]
cond	v	[40, 64]
cond	v	[38, 64]
cond	v	[36, 64]
cond	v	[34, 64]
cond	v	[32, 64]
cond	v	[30, 64]
cond	v	[28, 64]
cond	v	[26, 64]
cond	v	[24, 64]
cond	v	[22, 64]
cond	v	[20, 64]
cond	v	[18, 64]
cond	v	[16, 64]
cond	v	[14, 64]
cond	v	[12, 64]
cond	v	[10, 64]
cond	v	[8, 64]
cond	v	[6, 64]
cond	v	[4, 64]
cond	v	[2, 64]
cond	v	[0, 64]
cond	v	[66, 66]
cond	v	[64, 66]
cond	v	[62, 66]
cond	v	[60, 66]
cond	v	[58, 66]
cond	v	[56, 66]
cond	v	[54, 66]
cond	v	[52, 66]
cond	v	[50, 66]
cond	v	[48, 66]
cond	v	[46, 66]
cond	v	[44, 66]
cond	v	[42, 66]
cond	v	[40, 66]
cond	v	[38, 66]
cond	v	[36, 66]
cond	v	[34, 66]
cond	v	[32, 66]
cond	v	[30, 66]
cond	v	[28, 66]
cond	v	[26, 66]
cond	v	[24, 66]
cond	v	[22, 66]
cond	v	[20, 66]
cond	v	[18, 66]
cond	v	[16, 66]
cond	v	[14, 66]
cond	v	[12, 66]
cond	v	[10, 66]
cond	v	[8, 66]
cond	v	[6, 66]
cond	v	[4, 66]
cond	v	[2, 66]
cond	v	[0, 66]
cond	v	[68, 68]
cond	v	[66, 68]
cond	v	[64, 68]
cond	v	[62, 68]
cond	v	[60, 68]
cond	v	[58, 68]
cond	v	[56, 68]
cond	v	[54, 68]
cond	v	[52, 68]
cond	v	[50, 68]
cond	v	[48, 68]
cond	v	[46, 68]
cond	v	[44, 68]
cond	v	[42, 68]
cond	v	[40, 68]
cond	v	[38, 68]
cond	v	[36, 68]
cond	v	[34, 68]
cond	v	[32, 68]
cond	v	[30, 68]
cond	v	[28, 68]
cond	v	[26, 68]
cond	v	[24, 68]
cond	v	[22, 68]
cond	v	[20, 68]
cond	v	[18, 68]
cond	v	[16, 68]
cond	v	[14, 68]
cond	v	[12, 68]
cond	v	[10, 68]
cond	v	[8, 68]
cond	v	[6, 68]
cond	v	[4, 68]
cond	v	[2, 68]
cond	v	[0, 68]
cond	v	[70, 70]
cond	v	[68, 70]
cond	v	[66, 70]
cond	v	[64, 70]
cond	v	[62, 70]
cond	v	[60, 70]
cond	v	[58, 70]
cond	v	[56, 70]
cond	v	[54, 70]
cond	v	[52, 70]
cond	v	[50, 70]
cond	v	[48, 70]
cond	v	[46, 70]
cond	v	[44, 70]
cond	v	[42, 70]
cond	v	[40, 70]
cond	v	[38, 70]
cond	v	[36, 70]
cond	v	[34, 70]
cond	v	[32, 70]
cond	v	[30, 70]
cond	v	[28, 70]
cond	v	[26, 70]
cond	v	[24, 70]
cond	v	[22, 70]
cond	v	[20, 70]
cond	v	[18, 70]
cond	v	[16, 70]
cond	v	[14, 70]
cond	v	[12, 70]
cond	v	[10, 70]
cond	v	[8, 70]
cond	v	[6, 70]
cond	v	[4, 70]
cond	v	[2, 70]
cond	v	[0, 70]
cond	v	[72, 72]
cond	v	[70, 72]
cond	v	[68, 72]
cond	v	[66, 72]
cond	v	[64, 72]
cond	v	[62, 72]
cond	v	[60, 72]
cond	v	[58, 72]
cond	v	[56, 72]
cond	v	[54, 72]
cond	v	[52, 72]
cond	v	[50, 72]
cond	v	[48, 72]
cond	v	[46, 72]
cond	v	[44, 72]
cond	v	[42, 72]
cond	v	[40, 72]
cond	v	[38, 72]
cond	v	[36, 72]
cond	v	[34, 72]
cond	v	[32, 72]
cond	v	[30, 72]
cond	v	[28, 72]
cond	v	[26, 72]
cond	v	[24, 72]
cond	v	[22, 72]
cond	v	[20, 72]
cond	v	[18, 72]
cond	v	[16, 72]
cond	v	[14, 72]
cond	v	[12, 72]
cond	v	[10, 72]
cond	v	[8, 72]
cond	v	[6, 72]
cond	v	[4, 72]
cond	v	[2, 72]
cond	v	[0, 72]
cond	v	[74, 74]
cond	v	[72, 74]
cond	v	[70, 74]
cond	v	[68, 74]
cond	v	[66, 74]
cond	v	[64, 74]
cond	v	[62, 74]
cond	v	[60, 74]
cond	v	[58, 74]
cond	v	[56, 74]
cond	v	[54, 74]
cond	v	[52, 74]
cond	v	[50, 74]
cond	v	[48, 74]
cond	v	[46, 74]
cond	v	[44, 74]
cond	v	[42, 74]
cond	v	[40, 74]
cond	v	[38, 74]
cond	v	[36, 74]
cond	v	[34, 74]
cond	v	[32, 74]
cond	v	[30, 74]
cond	v	[28, 74]
cond	v	[26, 74]
cond	v	[24, 74]
cond	v	[22, 74]
cond	v	[20, 74]
cond	v	[18, 74]
cond	v	[16, 74]
cond	v	[14, 74]
cond	v	[12, 74]
cond	v	[10, 74]
cond	v	[8, 74]
cond	v	[6, 74]
cond	v	[4, 74]
cond	v	[2, 74]
cond	v	[0, 74]
cond	v	[76, 76]
cond	v	[74, 76]
cond	v	[72, 76]
cond	v	[70, 76]
cond	v	[68, 76]
cond	v	[66, 76]
cond	v	[64, 76]
cond	v	[62, 76]
cond	v	[60, 76]
cond	v	[58, 76]
cond	v	[56, 76]
cond	v	[54, 76]
cond	v	[52, 76]
cond	v	[50, 76]
cond	v	[48, 76]
cond	v	[46, 76]
cond	v	[44, 76]
cond	v	[42, 76]
cond	v	[40, 76]
cond	v	[38, 76]
cond	v	[36, 76]
cond	v	[34, 76]
cond	v	[32, 76]
cond	v	[30, 76]
cond	v	[28, 76]
cond	v	[26, 76]
cond	v	[24, 76]
cond	v	[22, 76]
cond	v	[20, 76]
cond	v	[18, 76]
cond	v	[16, 76]
cond	v	[14, 76]
cond	v	[12, 76]
cond	v	[10, 76]
cond	v	[8, 76]
cond	v	[6, 76]
cond	v	[4, 76]
cond	v	[2, 76]
cond	v	[0, 76]
cond	v	[78, 78]
cond	v	[76, 78]
cond	v	[74, 78]
cond	v	[72, 78]
cond	v	[70, 78]
cond	v	[68, 78]
cond	v	[66, 78]
cond	v	[64, 78]
cond	v	[62, 78]
cond	v	[60, 78]
cond	v	[58, 78]
cond	v	[56, 78]
cond	v	[54, 78]
cond	v	[52, 78]
cond	v	[50, 78]
cond	v	[48, 78]
cond	v	[46, 78]
cond	v	[44, 78]
cond	v	[42, 78]
cond	v	[40, 78]
cond	v	[38, 78]
cond	v	[36, 78]
cond	v	[34, 78]
cond	v	[32, 78]
cond	v	[30, 78]
cond	v	[28, 78]
cond	v	[26, 78]
cond	v	[24, 78]
cond	v	[22, 78]
cond	v	[20, 78]
cond	v	[18, 78]
cond	v	[16, 78]
cond	v	[14, 78]
cond	v	[12, 78]
cond	v	[10, 78]
cond	v	[8, 78]
cond	v	[6, 78]
cond	v	[4, 78]
cond	v	[2, 78]
cond	v	[0, 78]
cond	v	[80, 80]
cond	v	[78, 80]
cond	v	[76, 80]
cond	v	[74, 80]
cond	v	[72, 80]
cond	v	[70, 80]
cond	v	[68, 80]
cond	v	[66, 80]
cond	v	[64, 80]
cond	v	[62, 80]
cond	v	[60, 80]
cond	v	[58, 80]
cond	v	[56, 80]
cond	v	[54, 80]
cond	v	[52, 80]
cond	v	[50, 80]
cond	v	[48, 80]
cond	v	[46, 80]
cond	v	[44, 80]
cond	v	[42, 80]
cond	v	[40, 80]
cond	v	[38, 80]
cond	v	[36, 80]
cond	v	[34, 80]
cond	v	[32, 80]
cond	v	[30, 80]
cond	v	[28, 80]
cond	v	[26, 80]
cond	v	[24, 80]
cond	v	[22, 80]
cond	v	[20, 80]
cond	v	[18, 80]
cond	v	[16, 80]
cond	v	[14, 80]
cond	v	[12, 80]
cond	v	[10, 80]
cond	v	[8, 80]
cond	v	[6, 80]
cond	v	[4, 80]
cond	v	[2, 80]
cond	v	[0, 80]
cond	v	[82, 82]
cond	v	[80, 82]
cond	v	[78, 82]
cond	v	[76, 82]
cond	v	[74, 82]
cond	v	[72, 82]
cond	v	[70, 82]
cond	v	[68, 82]
cond	v	[66, 82]
cond	v	[64, 82]
cond	v	[62, 82]
cond	v	[60, 82]
cond	v	[58, 82]
cond	v	[56, 82]
cond	v	[54, 82]
cond	v	[52, 82]
cond	v	[50, 82]
cond	v	[48, 82]
cond	v	[46, 82]
cond	v	[44, 82]
cond	v	[42, 82]
cond	v	[40, 82]
cond	v	[38, 82]
cond	v	[36, 82]
cond	v	[34, 82]
cond	v	[32, 82]
cond	v	[30, 82]
cond	v	[28, 82]
cond	v	[26, 82]
cond	v	[24, 82]
cond	v	[22, 82]
cond	v	[20, 82]
cond	v	[18, 82]
cond	v	[16, 82]
cond	v	[14, 82]
cond	v	[12, 82]
cond	v	[10, 82]
cond	v	[8, 82]
cond	v	[6, 82]
cond	v	[4, 82]
cond	v	[2, 82]
cond	v	[0, 82]
cond	v	[84, 84]
cond	v	[82, 84]
cond	v	[80, 84]
cond	v	[78, 84]
cond	v	[76, 84]
cond	v	[74, 84]
cond	v	[72, 84]
cond	v	[70, 84]
cond	v	[68, 84]
cond	v	[66, 84]
cond	v	[64, 84]
cond	v	[62, 84]
cond	v	[60, 84]
cond	v	[58, 84]
cond	v	[56, 84]
cond	v	[54, 84]
cond	v	[52, 84]
cond	v	[50, 84]
cond	v	[48, 84]
cond	v	[46, 84]
cond	v	[44, 84]
cond	v	[42, 84]
cond	v	[40, 84]
cond	v	[38, 84]
cond	v	[36, 84]
cond	v	[34, 84]
cond	v	[32, 84]
cond	v	[30, 84]
cond	v	[28, 84]
cond	v	[26, 84]
cond	v	[24, 84]
cond	v	[22, 84]
cond	v	[20, 84]
cond	v	[18, 84]
cond	v	[16, 84]
cond	v	[14, 84]
cond	v	[12, 84]
cond	v	[10, 84]
cond	v	[8, 84]
cond	v	[6, 84]
cond	v	[4, 84]
cond	v	[2, 84]
cond	v	[0, 84]
cond	v	[86, 86]
cond	v	[84, 86]
cond	v	[82, 86]
cond	v	[80, 86]
cond	v	[78, 86]
cond	v	[76, 86]
cond	v	[74, 86]
cond	v	[72, 86]
cond	v	[70, 86]
cond	v	[68, 86]
cond	v	[66, 86]
cond	v	[64, 86]
cond	v	[62, 86]
cond	v	[60, 86]
cond	v	[58, 86]
cond	v	[56, 86]
cond	v	[54, 86]
cond	v	[52, 86]
cond	v	[50, 86]
cond	v	[48, 86]
cond	v	[46, 86]
cond	v	[44, 86]
cond	v	[42, 86]
cond	v	[40, 86]
cond	v	[38, 86]
cond	v	[36, 86]
cond	v	[34, 86]
cond	v	[32, 86]
cond	v	[30, 86]
cond	v	[28, 86]
cond	v	[26, 86]
cond	v	[24, 86]
cond	v	[22, 86]
cond	v	[20, 86]
cond	v	[18, 86]
cond	v	[16, 86]
cond	v	[14, 86]
cond	v	[12, 86]
cond	v	[10, 86]
cond	v	[8, 86]
cond	v	[6, 86]
cond	v	[4, 86]
cond	v	[2, 86]
cond	v	[0, 86]
cond	v	[88, 88]
cond	v	[86, 88]
cond	v	[84, 88]
cond	v	[82, 88]
cond	v	[80, 88]
cond	v	[78, 88]
cond	v	[76, 88]
cond	v	[74, 88]
cond	v	[72, 88]
cond	v	[70, 88]
cond	v	[68, 88]
cond	v	[66, 88]
cond	v	[64, 88]
cond	v	[62, 88]
cond	v	[60, 88]
cond	v	[58, 88]
cond	v	[56, 88]
cond	v	[54, 88]
cond	v	[52, 88]
cond	v	[50, 88]
cond	v	[48, 88]
cond	v	[46, 88]
cond	v	[44, 88]
cond	v	[42, 88]
cond	v	[40, 88]
cond	v	[38, 88]
cond	v	[36, 88]
cond	v	[34, 88]
cond	v	[32, 88]
cond	v	[30, 88]
cond	v	[28, 88]
cond	v	[26, 88]
cond	v	[24, 88]
cond	v	[22, 88]
cond	v	[20, 88]
cond	v	[18, 88]
cond	v	[16, 88]
cond	v	[14, 88]
cond	v	[12, 88]
cond	v	[10, 88]
cond	v	[8, 88]
cond	v	[6, 88]
cond	v	[4, 88]
cond	v	[2, 88]
cond	v	[0, 88]
cond	v	[90, 90]
cond	v	[88, 90]
cond	v	[86, 90]
cond	v	[84, 90]
cond	v	[82, 90]
cond	v	[80, 90]
cond	v	[78, 90]
cond	v	[76, 90]
cond	v	[74, 90]
cond	v	[72, 90]
cond	v	[70, 90]
cond	v	[68, 90]
cond	v	[66, 90]
cond	v	[64, 90]
cond	v	[62, 90]
cond	v	[60, 90]
cond	v	[58, 90]
cond	v	[56, 90]
cond	v	[54, 90]
cond	v	[52, 90]
cond	v	[50, 90]
cond	v	[48, 90]
cond	v	[46, 90]
cond	v	[44, 90]
cond	v	[42, 90]
cond	v	[40, 90]
cond	v	[38, 90]
cond	v	[36, 90]
cond	v	[34, 90]
cond	v	[32, 90]
cond	v	[30, 90]
cond	v	[28, 90]
cond	v	[26, 90]
cond	v	[24, 90]
cond	v	[22, 90]
cond	v	[20, 90]
cond	v	[18, 90]
cond	v	[16, 90]
cond	v	[14, 90]
cond	v	[12, 90]
cond	v	[10, 90]
cond	v	[8, 90]
cond	v	[6, 90]
cond	v	[4, 90]
cond	v	[2, 90]
cond	v	[0, 90]
cond	v	[92, 92]
cond	v	[90, 92]
cond	v	[88, 92]
cond	v	[86, 92]
cond	v	[84, 92]
cond	v	[82, 92]
cond	v	[80, 92]
cond	v	[78, 92]
cond	v	[76, 92]
cond	v	[74, 92]
cond	v	[72, 92]
cond	v	[70, 92]
cond	v	[68, 92]
cond	v	[66, 92]
cond	v	[64, 92]
cond	v	[62, 92]
cond	v	[60, 92]
cond	v	[58, 92]
cond	v	[56, 92]
cond	v	[54, 92]
cond	v	[52, 92]
cond	v	[50, 92]
cond	v	[48, 92]
cond	v	[46, 92]
cond	v	[44, 92]
cond	v	[42, 92]
cond	v	[40, 92]
cond	v	[38, 92]
cond	v	[36, 92]
cond	v	[34, 92]
cond	v	[32, 92]
cond	v	[30, 92]
cond	v	[28, 92]
cond	v	[26, 92]
cond	v	[24, 92]
cond	v	[22, 92]
cond	v	[20, 92]
cond	v	[18, 92]
cond	v	[16, 92]
cond	v	[14, 92]
cond	v	[12, 92]
cond	v	[10, 92]
cond	v	[8, 92]
cond	v	[6, 92]
cond	v	[4, 92]
cond	v	[2, 92]
cond	v	[0, 92]
cond	v	[94, 94]
cond	v	[92, 94]
cond	v	[90, 94]
cond	v	[88, 94]
cond	v	[86, 94]
cond	v	[84, 94]
cond	v	[82, 94]
cond	v	[80, 94]
cond	v	[78, 94]
cond	v	[76, 94]
cond	v	[74, 94]
cond	v	[72, 94]
cond	v	[70, 94]
cond	v	[68, 94]
cond	v	[66, 94]
cond	v	[64, 94]
cond	v	[62, 94]
cond	v	[60, 94]
cond	v	[58, 94]
cond	v	[56, 94]
cond	v	[54, 94]
cond	v	[52, 94]
cond	v	[50, 94]
cond	v	[48, 94]
cond	v	[46, 94]
cond	v	[44, 94]
cond	v	[42, 94]
cond	v	[40, 94]
cond	v	[38, 94]
cond	v	[36, 94]
cond	v	[34, 94]
cond	v	[32, 94]
cond	v	[30, 94]
cond	v	[28, 94]
cond	v	[26, 94]
cond	v	[24, 94]
cond	v	[22, 94]
cond	v	[20, 94]
cond	v	[18, 94]
cond	v	[16, 94]
cond	v	[14, 94]
cond	v	[12, 94]
cond	v	[10, 94]
cond	v	[8, 94]
cond	v	[6, 94]
cond	v	[4, 94]
cond	v	[2, 94]
cond	v	[0, 94]
cond	v	[96, 96]
cond	v	[94, 96]
cond	v	[92, 96]
cond	v	[90, 96]
cond	v	[88, 96]
cond	v	[86, 96]
cond	v	[84, 96]
cond	v	[82, 96]
cond	v	[80, 96]
cond	v	[78, 96]
cond	v	[76, 96]
cond	v	[74, 96]
cond	v	[72, 96]
cond	v	[70, 96]
cond	v	[68, 96]
cond	v	[66, 96]
cond	v	[64, 96]
cond	v	[62, 96]
cond	v	[60, 96]
cond	v	[58, 96]
cond	v	[56, 96]
cond	v	[54, 96]
cond	v	[52, 96]
cond	v	[50, 96]
cond	v	[48, 96]
cond	v	[46, 96]
cond	v	[44, 96]
cond	v	[42, 96]
cond	v	[40, 96]
cond	v	[38, 96]
cond	v	[36, 96]
cond	v	[34, 96]
cond	v	[32, 96]
cond	v	[30, 96]
cond	v	[28, 96]
cond	v	[26, 96]
cond	v	[24, 96]
cond	v	[22, 96]
cond	v	[20, 96]
cond	v	[18, 96]
cond	v	[16, 96]
cond	v	[14, 96]
cond	v	[12, 96]
cond	v	[10, 96]
cond	v	[8, 96]
cond	v	[6, 96]
cond	v	[4, 96]
cond	v	[2, 96]
cond	v	[0, 96]
cond	v	[98, 98]
cond	v	[96, 98]
cond	v	[94, 98]
cond	v	[92, 98]
cond	v	[90, 98]
cond	v	[88, 98]
cond	v	[86, 98]
cond	v	[84, 98]
cond	v	[82, 98]
cond	v	[80, 98]
cond	v	[78, 98]
cond	v	[76, 98]
cond	v	[74, 98]
cond	v	[72, 98]
cond	v	[70, 98]
cond	v	[68, 98]
cond	v	[66, 98]
cond	v	[64, 98]
cond	v	[62, 98]
cond	v	[60, 98]
cond	v	[58, 98]
cond	v	[56, 98]
cond	v	[54, 98]
cond	v	[52, 98]
cond	v	[50, 98]
cond	v	[48, 98]
cond	v	[46, 98]
cond	v	[44, 98]
cond	v	[42, 98]
cond	v	[40, 98]
cond	v	[38, 98]
cond	v	[36, 98]
cond	v	[34, 98]
cond	v	[32, 98]
cond	v	[30, 98]
cond	v	[28, 98]
cond	v	[26, 98]
cond	v	[24, 98]
cond	v	[22, 98]
cond	v	[20, 98]
cond	v	[18, 98]
cond	v	[16, 98]
cond	v	[14, 98]
cond	v	[12, 98]
cond	v	[10, 98]
cond	v	[8, 98]
cond	v	[6, 98]
cond	v	[4, 98]
cond	v	[2, 98]
cond	v	[0, 98]
cond	v	[100, 100]
cond	v	[98, 100]
cond	v	[96, 100]
cond	v	[94, 100]
cond	v	[92, 100]
cond	v	[90, 100]
cond	v	[88, 100]
cond	v	[86, 100]
cond	v	[84, 100]
cond	v	[82, 100]
cond	v	[80, 100]
cond	v	[78, 100]
cond	v	[76, 100]
cond	v	[74, 100]
cond	v	[72, 100]
cond	v	[70, 100]
cond	v	[68, 100]
cond	v	[66, 100]
cond	v	[64, 100]
cond	v	[62, 100]
cond	v	[60, 100]
cond	v	[58, 100]
cond	v	[56, 100]
cond	v	[54, 100]
cond	v	[52, 100]
cond	v	[50, 100]
cond	v	[48, 100]
cond	v	[46, 100]
cond	v	[44, 100]
cond	v	[42, 100]
cond	v	[40, 100]
cond	v	[38, 100]
cond	v	[36, 100]
cond	v	[34, 100]
cond	v	[32, 100]
cond	v	[30, 100]
cond	v	[28, 100]
cond	v	[26, 100]
cond	v	[24, 100]
cond	v	[22, 100]
cond	v	[20, 100]
cond	v	[18, 100]
cond	v	[16, 100]
cond	v	[14, 100]
cond	v	[12, 100]
cond	v	[10, 100]
cond	v	[8, 100]
cond	v	[6, 100]
cond	v	[4, 100]
cond	v	[2, 100]
cond	v	[0, 100]
incr	v	[2, 2]
incr	v	[4, 4]
incr	v	[2, 4]
incr	v	[6, 6]
incr	v	[4, 6]
incr	v	[2, 6]
incr	v	[8, 8]
incr	v	[6, 8]
incr	v	[4, 8]
incr	v	[2, 8]
incr	v	[10, 10]
incr	v	[8, 10]
incr	v	[6, 10]
incr	v	[4, 10]
incr	v	[2, 10]
incr	v	[12, 12]
incr	v	[10, 12]
incr	v	[8, 12]
incr	v	[6, 12]
incr	v	[4, 12]
incr	v	[2, 12]
incr	v	[14, 14]
incr	v	[12, 14]
incr	v	[10, 14]
incr	v	[8, 14]
incr	v	[6, 14]
incr	v	[4, 14]
incr	v	[2, 14]
incr	v	[16, 16]
incr	v	[14, 16]
incr	v	[12, 16]
incr	v	[10, 16]
incr	v	[8, 16]
incr	v	[6, 16]
incr	v	[4, 16]
incr	v	[2, 16]
incr	v	[18, 18]
incr	v	[16, 18]
incr	v	[14, 18]
incr	v	[12, 18]
incr	v	[10, 18]
incr	v	[8, 18]
incr	v	[6, 18]
incr	v	[4, 18]
incr	v	[2, 18]
incr	v	[20, 20]
incr	v	[18, 20]
incr	v	[16, 20]
incr	v	[14, 20]
incr	v	[12, 20]
incr	v	[10, 20]
incr	v	[8, 20]
incr	v	[6, 20]
incr	v	[4, 20]
incr	v	[2, 20]
incr	v	[22, 22]
incr	v	[20, 22]
incr	v	[18, 22]
incr	v	[16, 22]
incr	v	[14, 22]
incr	v	[12, 22]
incr	v	[10, 22]
incr	v	[8, 22]
incr	v	[6, 22]
incr	v	[4, 22]
incr	v	[2, 22]
incr	v	[24, 24]
incr	v	[22, 24]
incr	v	[20, 24]
incr	v	[18, 24]
incr	v	[16, 24]
incr	v	[14, 24]
incr	v	[12, 24]
incr	v	[10, 24]
incr	v	[8, 24]
incr	v	[6, 24]
incr	v	[4, 24]
incr	v	[2, 24]
incr	v	[26, 26]
incr	v	[24, 26]
incr	v	[22, 26]
incr	v	[20, 26]
incr	v	[18, 26]
incr	v	[16, 26]
incr	v	[14, 26]
incr	v	[12, 26]
incr	v	[10, 26]
incr	v	[8, 26]
incr	v	[6, 26]
incr	v	[4, 26]
incr	v	[2, 26]
incr	v	[28, 28]
incr	v	[26, 28]
incr	v	[24, 28]
incr	v	[22, 28]
incr	v	[20, 28]
incr	v	[18, 28]
incr	v	[16, 28]
incr	v	[14, 28]
incr	v	[12, 28]
incr	v	[10, 28]
incr	v	[8, 28]
incr	v	[6, 28]
incr	v	[4, 28]
incr	v	[2, 28]
incr	v	[30, 30]
incr	v	[28, 30]
incr	v	[26, 30]
incr	v	[24, 30]
incr	v	[22, 30]
incr	v	[20, 30]
incr	v	[18, 30]
incr	v	[16, 30]
incr	v	[14, 30]
incr	v	[12, 30]
incr	v	[10, 30]
incr	v	[8, 30]
incr	v	[6, 30]
incr	v	[4, 30]
incr	v	[2, 30]
incr	v	[32, 32]
incr	v	[30, 32]
incr	v	[28, 32]
incr	v	[26, 32]
incr	v	[24, 32]
incr	v	[22, 32]
incr	v	[20, 32]
incr	v	[18, 32]
incr	v	[16, 32]
incr	v	[14, 32]
incr	v	[12, 32]
incr	v	[10, 32]
incr	v	[8, 32]
incr	v	[6, 32]
incr	v	[4, 32]
incr	v	[2, 32]
incr	v	[34, 34]
incr	v	[32, 34]
incr	v	[30, 34]
incr	v	[28, 34]
incr	v	[26, 34]
incr	v	[24, 34]
incr	v	[22, 34]
incr	v	[20, 34]
incr	v	[18, 34]
incr	v	[16, 34]
incr	v	[14, 34]
incr	v	[12, 34]
incr	v	[10, 34]
incr	v	[8, 34]
incr	v	[6, 34]
incr	v	[4, 34]
incr	v	[2, 34]
incr	v	[36, 36]
incr	v	[34, 36]
incr	v	[32, 36]
incr	v	[30, 36]
incr	v	[28, 36]
incr	v	[26, 36]
incr	v	[24, 36]
incr	v	[22, 36]
incr	v	[20, 36]
incr	v	[18, 36]
incr	v	[16, 36]
incr	v	[14, 36]
incr	v	[12, 36]
incr	v	[10, 36]
incr	v	[8, 36]
incr	v	[6, 36]
incr	v	[4, 36]
incr	v	[2, 36]
incr	v	[38, 38]
incr	v	[36, 38]
incr	v	[34, 38]
incr	v	[32, 38]
incr	v	[30, 38]
incr	v	[28, 38]
incr	v	[26, 38]
incr	v	[24, 38]
incr	v	[22, 38]
incr	v	[20, 38]
incr	v	[18, 38]
incr	v	[16, 38]
incr	v	[14, 38]
incr	v	[12, 38]
incr	v	[10, 38]
incr	v	[8, 38]
incr	v	[6, 38]
incr	v	[4, 38]
incr	v	[2, 38]
incr	v	[40, 40]
incr	v	[38, 40]
incr	v	[36, 40]
incr	v	[34, 40]
incr	v	[32, 40]
incr	v	[30, 40]
incr	v	[28, 40]
incr	v	[26, 40]
incr	v	[24, 40]
incr	v	[22, 40]
incr	v	[20, 40]
incr	v	[18, 40]
incr	v	[16, 40]
incr	v	[14, 40]
incr	v	[12, 40]
incr	v	[10, 40]
incr	v	[8, 40]
incr	v	[6, 40]
incr	v	[4, 40]
incr	v	[2, 40]
incr	v	[42, 42]
incr	v	[40, 42]
incr	v	[38, 42]
incr	v	[36, 42]
incr	v	[34, 42]
incr	v	[32, 42]
incr	v	[30, 42]
incr	v	[28, 42]
incr	v	[26, 42]
incr	v	[24, 42]
incr	v	[22, 42]
incr	v	[20, 42]
incr	v	[18, 42]
incr	v	[16, 42]
incr	v	[14, 42]
incr	v	[12, 42]
incr	v	[10, 42]
incr	v	[8, 42]
incr	v	[6, 42]
incr	v	[4, 42]
incr	v	[2, 42]
incr	v	[44, 44]
incr	v	[42, 44]
incr	v	[40, 44]
incr	v	[38, 44]
incr	v	[36, 44]
incr	v	[34, 44]
incr	v	[32, 44]
incr	v	[30, 44]
incr	v	[28, 44]
incr	v	[26, 44]
incr	v	[24, 44]
incr	v	[22, 44]
incr	v	[20, 44]
incr	v	[18, 44]
incr	v	[16, 44]
incr	v	[14, 44]
incr	v	[12, 44]
incr	v	[10, 44]
incr	v	[8, 44]
incr	v	[6, 44]
incr	v	[4, 44]
incr	v	[2, 44]
incr	v	[46, 46]
incr	v	[44, 46]
incr	v	[42, 46]
incr	v	[40, 46]
incr	v	[38, 46]
incr	v	[36, 46]
incr	v	[34, 46]
incr	v	[32, 46]
incr	v	[30, 46]
incr	v	[28, 46]
incr	v	[26, 46]
incr	v	[24, 46]
incr	v	[22, 46]
incr	v	[20, 46]
incr	v	[18, 46]
incr	v	[16, 46]
incr	v	[14, 46]
incr	v	[12, 46]
incr	v	[10, 46]
incr	v	[8, 46]
incr	v	[6, 46]
incr	v	[4, 46]
incr	v	[2, 46]
incr	v	[48, 48]
incr	v	[46, 48]
incr	v	[44, 48]
incr	v	[42, 48]
incr	v	[40, 48]
incr	v	[38, 48]
incr	v	[36, 48]
incr	v	[34, 48]
incr	v	[32, 48]
incr	v	[30, 48]
incr	v	[28, 48]
incr	v	[26, 48]
incr	v	[24, 48]
incr	v	[22, 48]
incr	v	[20, 48]
incr	v	[18, 48]
incr	v	[16, 48]
incr	v	[14, 48]
incr	v	[12, 48]
incr	v	[10, 48]
incr	v	[8, 48]
incr	v	[6, 48]
incr	v	[4, 48]
incr	v	[2, 48]
incr	v	[50, 50]
incr	v	[48, 50]
incr	v	[46, 50]
incr	v	[44, 50]
incr	v	[42, 50]
incr	v	[40, 50]
incr	v	[38, 50]
incr	v	[36, 50]
incr	v	[34, 50]
incr	v	[32, 50]
incr	v	[30, 50]
incr	v	[28, 50]
incr	v	[26, 50]
incr	v	[24, 50]
incr	v	[22, 50]
incr	v	[20, 50]
incr	v	[18, 50]
incr	v	[16, 50]
incr	v	[14, 50]
incr	v	[12, 50]
incr	v	[10, 50]
incr	v	[8, 50]
incr	v	[6, 50]
incr	v	[4, 50]
incr	v	[2, 50]
incr	v	[52, 52]
incr	v	[50, 52]
incr	v	[48, 52]
incr	v	[46, 52]
incr	v	[44, 52]
incr	v	[42, 52]
incr	v	[40, 52]
incr	v	[38, 52]
incr	v	[36, 52]
incr	v	[34, 52]
incr	v	[32, 52]
incr	v	[30, 52]
incr	v	[28, 52]
incr	v	[26, 52]
incr	v	[24, 52]
incr	v	[22, 52]
incr	v	[20, 52]
incr	v	[18, 52]
incr	v	[16, 52]
incr	v	[14, 52]
incr	v	[12, 52]
incr	v	[10, 52]
incr	v	[8, 52]
incr	v	[6, 52]
incr	v	[4, 52]
incr	v	[2, 52]
incr	v	[54, 54]
incr	v	[52, 54]
incr	v	[50, 54]
incr	v	[48, 54]
incr	v	[46, 54]
incr	v	[44, 54]
incr	v	[42, 54]
incr	v	[40, 54]
incr	v	[38, 54]
incr	v	[36, 54]
incr	v	[34, 54]
incr	v	[32, 54]
incr	v	[30, 54]
incr	v	[28, 54]
incr	v	[26, 54]
incr	v	[24, 54]
incr	v	[22, 54]
incr	v	[20, 54]
incr	v	[18, 54]
incr	v	[16, 54]
incr	v	[14, 54]
incr	v	[12, 54]
incr	v	[10, 54]
incr	v	[8, 54]
incr	v	[6, 54]
incr	v	[4, 54]
incr	v	[2, 54]
incr	v	[56, 56]
incr	v	[54, 56]
incr	v	[52, 56]
incr	v	[50, 56]
incr	v	[48, 56]
incr	v	[46, 56]
incr	v	[44, 56]
incr	v	[42, 56]
incr	v	[40, 56]
incr	v	[38, 56]
incr	v	[36, 56]
incr	v	[34, 56]
incr	v	[32, 56]
incr	v	[30, 56]
incr	v	[28, 56]
incr	v	[26, 56]
incr	v	[24, 56]
incr	v	[22, 56]
incr	v	[20, 56]
incr	v	[18, 56]
incr	v	[16, 56]
incr	v	[14, 56]
incr	v	[12, 56]
incr	v	[10, 56]
incr	v	[8, 56]
incr	v	[6, 56]
incr	v	[4, 56]
incr	v	[2, 56]
incr	v	[58, 58]
incr	v	[56, 58]
incr	v	[54, 58]
incr	v	[52, 58]
incr	v	[50, 58]
incr	v	[48, 58]
incr	v	[46, 58]
incr	v	[44, 58]
incr	v	[42, 58]
incr	v	[40, 58]
incr	v	[38, 58]
incr	v	[36, 58]
incr	v	[34, 58]
incr	v	[32, 58]
incr	v	[30, 58]
incr	v	[28, 58]
incr	v	[26, 58]
incr	v	[24, 58]
incr	v	[22, 58]
incr	v	[20, 58]
incr	v	[18, 58]
incr	v	[16, 58]
incr	v	[14, 58]
incr	v	[12, 58]
incr	v	[10, 58]
incr	v	[8, 58]
incr	v	[6, 58]
incr	v	[4, 58]
incr	v	[2, 58]
incr	v	[60, 60]
incr	v	[58, 60]
incr	v	[56, 60]
incr	v	[54, 60]
incr	v	[52, 60]
incr	v	[50, 60]
incr	v	[48, 60]
incr	v	[46, 60]
incr	v	[44, 60]
incr	v	[42, 60]
incr	v	[40, 60]
incr	v	[38, 60]
incr	v	[36, 60]
incr	v	[34, 60]
incr	v	[32, 60]
incr	v	[30, 60]
incr	v	[28, 60]
incr	v	[26, 60]
incr	v	[24, 60]
incr	v	[22, 60]
incr	v	[20, 60]
incr	v	[18, 60]
incr	v	[16, 60]
incr	v	[14, 60]
incr	v	[12, 60]
incr	v	[10, 60]
incr	v	[8, 60]
incr	v	[6, 60]
incr	v	[4, 60]
incr	v	[2, 60]
incr	v	[62, 62]
incr	v	[60, 62]
incr	v	[58, 62]
incr	v	[56, 62]
incr	v	[54, 62]
incr	v	[52, 62]
incr	v	[50, 62]
incr	v	[48, 62]
incr	v	[46, 62]
incr	v	[44, 62]
incr	v	[42, 62]
incr	v	[40, 62]
incr	v	[38, 62]
incr	v	[36, 62]
incr	v	[34, 62]
incr	v	[32, 62]
incr	v	[30, 62]
incr	v	[28, 62]
incr	v	[26, 62]
incr	v	[24, 62]
incr	v	[22, 62]
incr	v	[20, 62]
incr	v	[18, 62]
incr	v	[16, 62]
incr	v	[14, 62]
incr	v	[12, 62]
incr	v	[10, 62]
incr	v	[8, 62]
incr	v	[6, 62]
incr	v	[4, 62]
incr	v	[2, 62]
incr	v	[64, 64]
incr	v	[62, 64]
incr	v	[60, 64]
incr	v	[58, 64]
incr	v	[56, 64]
incr	v	[54, 64]
incr	v	[52, 64]
incr	v	[50, 64]
incr	v	[48, 64]
incr	v	[46, 64]
incr	v	[44, 64]
incr	v	[42, 64]
incr	v	[40, 64]
incr	v	[38, 64]
incr	v	[36, 64]
incr	v	[34, 64]
incr	v	[32, 64]
incr	v	[30, 64]
incr	v	[28, 64]
incr	v	[26, 64]
incr	v	[24, 64]
incr	v	[22, 64]
incr	v	[20, 64]
incr	v	[18, 64]
incr	v	[16, 64]
incr	v	[14, 64]
incr	v	[12, 64]
incr	v	[10, 64]
incr	v	[8, 64]
incr	v	[6, 64]
incr	v	[4, 64]
incr	v	[2, 64]
incr	v	[66, 66]
incr	v	[64, 66]
incr	v	[62, 66]
incr	v	[60, 66]
incr	v	[58, 66]
incr	v	[56, 66]
incr	v	[54, 66]
incr	v	[52, 66]
incr	v	[50, 66]
incr	v	[48, 66]
incr	v	[46, 66]
incr	v	[44, 66]
incr	v	[42, 66]
incr	v	[40, 66]
incr	v	[38, 66]
incr	v	[36, 66]
incr	v	[34, 66]
incr	v	[32, 66]
incr	v	[30, 66]
incr	v	[28, 66]
incr	v	[26, 66]
incr	v	[24, 66]
incr	v	[22, 66]
incr	v	[20, 66]
incr	v	[18, 66]
incr	v	[16, 66]
incr	v	[14, 66]
incr	v	[12, 66]
incr	v	[10, 66]
incr	v	[8, 66]
incr	v	[6, 66]
incr	v	[4, 66]
incr	v	[2, 66]
incr	v	[68, 68]
incr	v	[66, 68]
incr	v	[64, 68]
incr	v	[62, 68]
incr	v	[60, 68]
incr	v	[58, 68]
incr	v	[56, 68]
incr	v	[54, 68]
incr	v	[52, 68]
incr	v	[50, 68]
incr	v	[48, 68]
incr	v	[46, 68]
incr	v	[44, 68]
incr	v	[42, 68]
incr	v	[40, 68]
incr	v	[38, 68]
incr	v	[36, 68]
incr	v	[34, 68]
incr	v	[32, 68]
incr	v	[30, 68]
incr	v	[28, 68]
incr	v	[26, 68]
incr	v	[24, 68]
incr	v	[22, 68]
incr	v	[20, 68]
incr	v	[18, 68]
incr	v	[16, 68]
incr	v	[14, 68]
incr	v	[12, 68]
incr	v	[10, 68]
incr	v	[8, 68]
incr	v	[6, 68]
incr	v	[4, 68]
incr	v	[2, 68]
incr	v	[70, 70]
incr	v	[68, 70]
incr	v	[66, 70]
incr	v	[64, 70]
incr	v	[62, 70]
incr	v	[60, 70]
incr	v	[58, 70]
incr	v	[56, 70]
incr	v	[54, 70]
incr	v	[52, 70]
incr	v	[50, 70]
incr	v	[48, 70]
incr	v	[46, 70]
incr	v	[44, 70]
incr	v	[42, 70]
incr	v	[40, 70]
incr	v	[38, 70]
incr	v	[36, 70]
incr	v	[34, 70]
incr	v	[32, 70]
incr	v	[30, 70]
incr	v	[28, 70]
incr	v	[26, 70]
incr	v	[24, 70]
incr	v	[22, 70]
incr	v	[20, 70]
incr	v	[18, 70]
incr	v	[16, 70]
incr	v	[14, 70]
incr	v	[12, 70]
incr	v	[10, 70]
incr	v	[8, 70]
incr	v	[6, 70]
incr	v	[4, 70]
incr	v	[2, 70]
incr	v	[72, 72]
incr	v	[70, 72]
incr	v	[68, 72]
incr	v	[66, 72]
incr	v	[64, 72]
incr	v	[62, 72]
incr	v	[60, 72]
incr	v	[58, 72]
incr	v	[56, 72]
incr	v	[54, 72]
incr	v	[52, 72]
incr	v	[50, 72]
incr	v	[48, 72]
incr	v	[46, 72]
incr	v	[44, 72]
incr	v	[42, 72]
incr	v	[40, 72]
incr	v	[38, 72]
incr	v	[36, 72]
incr	v	[34, 72]
incr	v	[32, 72]
incr	v	[30, 72]
incr	v	[28, 72]
incr	v	[26, 72]
incr	v	[24, 72]
incr	v	[22, 72]
incr	v	[20, 72]
incr	v	[18, 72]
incr	v	[16, 72]
incr	v	[14, 72]
incr	v	[12, 72]
incr	v	[10, 72]
incr	v	[8, 72]
incr	v	[6, 72]
incr	v	[4, 72]
incr	v	[2, 72]
incr	v	[74, 74]
incr	v	[72, 74]
incr	v	[70, 74]
incr	v	[68, 74]
incr	v	[66, 74]
incr	v	[64, 74]
incr	v	[62, 74]
incr	v	[60, 74]
incr	v	[58, 74]
incr	v	[56, 74]
incr	v	[54, 74]
incr	v	[52, 74]
incr	v	[50, 74]
incr	v	[48, 74]
incr	v	[46, 74]
incr	v	[44, 74]
incr	v	[42, 74]
incr	v	[40, 74]
incr	v	[38, 74]
incr	v	[36, 74]
incr	v	[34, 74]
incr	v	[32, 74]
incr	v	[30, 74]
incr	v	[28, 74]
incr	v	[26, 74]
incr	v	[24, 74]
incr	v	[22, 74]
incr	v	[20, 74]
incr	v	[18, 74]
incr	v	[16, 74]
incr	v	[14, 74]
incr	v	[12, 74]
incr	v	[10, 74]
incr	v	[8, 74]
incr	v	[6, 74]
incr	v	[4, 74]
incr	v	[2, 74]
incr	v	[76, 76]
incr	v	[74, 76]
incr	v	[72, 76]
incr	v	[70, 76]
incr	v	[68, 76]
incr	v	[66, 76]
incr	v	[64, 76]
incr	v	[62, 76]
incr	v	[60, 76]
incr	v	[58, 76]
incr	v	[56, 76]
incr	v	[54, 76]
incr	v	[52, 76]
incr	v	[50, 76]
incr	v	[48, 76]
incr	v	[46, 76]
incr	v	[44, 76]
incr	v	[42, 76]
incr	v	[40, 76]
incr	v	[38, 76]
incr	v	[36, 76]
incr	v	[34, 76]
incr	v	[32, 76]
incr	v	[30, 76]
incr	v	[28, 76]
incr	v	[26, 76]
incr	v	[24, 76]
incr	v	[22, 76]
incr	v	[20, 76]
incr	v	[18, 76]
incr	v	[16, 76]
incr	v	[14, 76]
incr	v	[12, 76]
incr	v	[10, 76]
incr	v	[8, 76]
incr	v	[6, 76]
incr	v	[4, 76]
incr	v	[2, 76]
incr	v	[78, 78]
incr	v	[76, 78]
incr	v	[74, 78]
incr	v	[72, 78]
incr	v	[70, 78]
incr	v	[68, 78]
incr	v	[66, 78]
incr	v	[64, 78]
incr	v	[62, 78]
incr	v	[60, 78]
incr	v	[58, 78]
incr	v	[56, 78]
incr	v	[54, 78]
incr	v	[52, 78]
incr	v	[50, 78]
incr	v	[48, 78]
incr	v	[46, 78]
incr	v	[44, 78]
incr	v	[42, 78]
incr	v	[40, 78]
incr	v	[38, 78]
incr	v	[36, 78]
incr	v	[34, 78]
incr	v	[32, 78]
incr	v	[30, 78]
incr	v	[28, 78]
incr	v	[26, 78]
incr	v	[24, 78]
incr	v	[22, 78]
incr	v	[20, 78]
incr	v	[18, 78]
incr	v	[16, 78]
incr	v	[14, 78]
incr	v	[12, 78]
incr	v	[10, 78]
incr	v	[8, 78]
incr	v	[6, 78]
incr	v	[4, 78]
incr	v	[2, 78]
incr	v	[80, 80]
incr	v	[78, 80]
incr	v	[76, 80]
incr	v	[74, 80]
incr	v	[72, 80]
incr	v	[70, 80]
incr	v	[68, 80]
incr	v	[66, 80]
incr	v	[64, 80]
incr	v	[62, 80]
incr	v	[60, 80]
incr	v	[58, 80]
incr	v	[56, 80]
incr	v	[54, 80]
incr	v	[52, 80]
incr	v	[50, 80]
incr	v	[48, 80]
incr	v	[46, 80]
incr	v	[44, 80]
incr	v	[42, 80]
incr	v	[40, 80]
incr	v	[38, 80]
incr	v	[36, 80]
incr	v	[34, 80]
incr	v	[32, 80]
incr	v	[30, 80]
incr	v	[28, 80]
incr	v	[26, 80]
incr	v	[24, 80]
incr	v	[22, 80]
incr	v	[20, 80]
incr	v	[18, 80]
incr	v	[16, 80]
incr	v	[14, 80]
incr	v	[12, 80]
incr	v	[10, 80]
incr	v	[8, 80]
incr	v	[6, 80]
incr	v	[4, 80]
incr	v	[2, 80]
incr	v	[82, 82]
incr	v	[80, 82]
incr	v	[78, 82]
incr	v	[76, 82]
incr	v	[74, 82]
incr	v	[72, 82]
incr	v	[70, 82]
incr	v	[68, 82]
incr	v	[66, 82]
incr	v	[64, 82]
incr	v	[62, 82]
incr	v	[60, 82]
incr	v	[58, 82]
incr	v	[56, 82]
incr	v	[54, 82]
incr	v	[52, 82]
incr	v	[50, 82]
incr	v	[48, 82]
incr	v	[46, 82]
incr	v	[44, 82]
incr	v	[42, 82]
incr	v	[40, 82]
incr	v	[38, 82]
incr	v	[36, 82]
incr	v	[34, 82]
incr	v	[32, 82]
incr	v	[30, 82]
incr	v	[28, 82]
incr	v	[26, 82]
incr	v	[24, 82]
incr	v	[22, 82]
incr	v	[20, 82]
incr	v	[18, 82]
incr	v	[16, 82]
incr	v	[14, 82]
incr	v	[12, 82]
incr	v	[10, 82]
incr	v	[8, 82]
incr	v	[6, 82]
incr	v	[4, 82]
incr	v	[2, 82]
incr	v	[84, 84]
incr	v	[82, 84]
incr	v	[80, 84]
incr	v	[78, 84]
incr	v	[76, 84]
incr	v	[74, 84]
incr	v	[72, 84]
incr	v	[70, 84]
incr	v	[68, 84]
incr	v	[66, 84]
incr	v	[64, 84]
incr	v	[62, 84]
incr	v	[60, 84]
incr	v	[58, 84]
incr	v	[56, 84]
incr	v	[54, 84]
incr	v	[52, 84]
incr	v	[50, 84]
incr	v	[48, 84]
incr	v	[46, 84]
incr	v	[44, 84]
incr	v	[42, 84]
incr	v	[40, 84]
incr	v	[38, 84]
incr	v	[36, 84]
incr	v	[34, 84]
incr	v	[32, 84]
incr	v	[30, 84]
incr	v	[28, 84]
incr	v	[26, 84]
incr	v	[24, 84]
incr	v	[22, 84]
incr	v	[20, 84]
incr	v	[18, 84]
incr	v	[16, 84]
incr	v	[14, 84]
incr	v	[12, 84]
incr	v	[10, 84]
incr	v	[8, 84]
incr	v	[6, 84]
incr	v	[4, 84]
incr	v	[2, 84]
incr	v	[86, 86]
incr	v	[84, 86]
incr	v	[82, 86]
incr	v	[80, 86]
incr	v	[78, 86]
incr	v	[76, 86]
incr	v	[74, 86]
incr	v	[72, 86]
incr	v	[70, 86]
incr	v	[68, 86]
incr	v	[66, 86]
incr	v	[64, 86]
incr	v	[62, 86]
incr	v	[60, 86]
incr	v	[58, 86]
incr	v	[56, 86]
incr	v	[54, 86]
incr	v	[52, 86]
incr	v	[50, 86]
incr	v	[48, 86]
incr	v	[46, 86]
incr	v	[44, 86]
incr	v	[42, 86]
incr	v	[40, 86]
incr	v	[38, 86]
incr	v	[36, 86]
incr	v	[34, 86]
incr	v	[32, 86]
incr	v	[30, 86]
incr	v	[28, 86]
incr	v	[26, 86]
incr	v	[24, 86]
incr	v	[22, 86]
incr	v	[20, 86]
incr	v	[18, 86]
incr	v	[16, 86]
incr	v	[14, 86]
incr	v	[12, 86]
incr	v	[10, 86]
incr	v	[8, 86]
incr	v	[6, 86]
incr	v	[4, 86]
incr	v	[2, 86]
incr	v	[88, 88]
incr	v	[86, 88]
incr	v	[84, 88]
incr	v	[82, 88]
incr	v	[80, 88]
incr	v	[78, 88]
incr	v	[76, 88]
incr	v	[74, 88]
incr	v	[72, 88]
incr	v	[70, 88]
incr	v	[68, 88]
incr	v	[66, 88]
incr	v	[64, 88]
incr	v	[62, 88]
incr	v	[60, 88]
incr	v	[58, 88]
incr	v	[56, 88]
incr	v	[54, 88]
incr	v	[52, 88]
incr	v	[50, 88]
incr	v	[48, 88]
incr	v	[46, 88]
incr	v	[44, 88]
incr	v	[42, 88]
incr	v	[40, 88]
incr	v	[38, 88]
incr	v	[36, 88]
incr	v	[34, 88]
incr	v	[32, 88]
incr	v	[30, 88]
incr	v	[28, 88]
incr	v	[26, 88]
incr	v	[24, 88]
incr	v	[22, 88]
incr	v	[20, 88]
incr	v	[18, 88]
incr	v	[16, 88]
incr	v	[14, 88]
incr	v	[12, 88]
incr	v	[10, 88]
incr	v	[8, 88]
incr	v	[6, 88]
incr	v	[4, 88]
incr	v	[2, 88]
incr	v	[90, 90]
incr	v	[88, 90]
incr	v	[86, 90]
incr	v	[84, 90]
incr	v	[82, 90]
incr	v	[80, 90]
incr	v	[78, 90]
incr	v	[76, 90]
incr	v	[74, 90]
incr	v	[72, 90]
incr	v	[70, 90]
incr	v	[68, 90]
incr	v	[66, 90]
incr	v	[64, 90]
incr	v	[62, 90]
incr	v	[60, 90]
incr	v	[58, 90]
incr	v	[56, 90]
incr	v	[54, 90]
incr	v	[52, 90]
incr	v	[50, 90]
incr	v	[48, 90]
incr	v	[46, 90]
incr	v	[44, 90]
incr	v	[42, 90]
incr	v	[40, 90]
incr	v	[38, 90]
incr	v	[36, 90]
incr	v	[34, 90]
incr	v	[32, 90]
incr	v	[30, 90]
incr	v	[28, 90]
incr	v	[26, 90]
incr	v	[24, 90]
incr	v	[22, 90]
incr	v	[20, 90]
incr	v	[18, 90]
incr	v	[16, 90]
incr	v	[14, 90]
incr	v	[12, 90]
incr	v	[10, 90]
incr	v	[8, 90]
incr	v	[6, 90]
incr	v	[4, 90]
incr	v	[2, 90]
incr	v	[92, 92]
incr	v	[90, 92]
incr	v	[88, 92]
incr	v	[86, 92]
incr	v	[84, 92]
incr	v	[82, 92]
incr	v	[80, 92]
incr	v	[78, 92]
incr	v	[76, 92]
incr	v	[74, 92]
incr	v	[72, 92]
incr	v	[70, 92]
incr	v	[68, 92]
incr	v	[66, 92]
incr	v	[64, 92]
incr	v	[62, 92]
incr	v	[60, 92]
incr	v	[58, 92]
incr	v	[56, 92]
incr	v	[54, 92]
incr	v	[52, 92]
incr	v	[50, 92]
incr	v	[48, 92]
incr	v	[46, 92]
incr	v	[44, 92]
incr	v	[42, 92]
incr	v	[40, 92]
incr	v	[38, 92]
incr	v	[36, 92]
incr	v	[34, 92]
incr	v	[32, 92]
incr	v	[30, 92]
incr	v	[28, 92]
incr	v	[26, 92]
incr	v	[24, 92]
incr	v	[22, 92]
incr	v	[20, 92]
incr	v	[18, 92]
incr	v	[16, 92]
incr	v	[14, 92]
incr	v	[12, 92]
incr	v	[10, 92]
incr	v	[8, 92]
incr	v	[6, 92]
incr	v	[4, 92]
incr	v	[2, 92]
incr	v	[94, 94]
incr	v	[92, 94]
incr	v	[90, 94]
incr	v	[88, 94]
incr	v	[86, 94]
incr	v	[84, 94]
incr	v	[82, 94]
incr	v	[80, 94]
incr	v	[78, 94]
incr	v	[76, 94]
incr	v	[74, 94]
incr	v	[72, 94]
incr	v	[70, 94]
incr	v	[68, 94]
incr	v	[66, 94]
incr	v	[64, 94]
incr	v	[62, 94]
incr	v	[60, 94]
incr	v	[58, 94]
incr	v	[56, 94]
incr	v	[54, 94]
incr	v	[52, 94]
incr	v	[50, 94]
incr	v	[48, 94]
incr	v	[46, 94]
incr	v	[44, 94]
incr	v	[42, 94]
incr	v	[40, 94]
incr	v	[38, 94]
incr	v	[36, 94]
incr	v	[34, 94]
incr	v	[32, 94]
incr	v	[30, 94]
incr	v	[28, 94]
incr	v	[26, 94]
incr	v	[24, 94]
incr	v	[22, 94]
incr	v	[20, 94]
incr	v	[18, 94]
incr	v	[16, 94]
incr	v	[14, 94]
incr	v	[12, 94]
incr	v	[10, 94]
incr	v	[8, 94]
incr	v	[6, 94]
incr	v	[4, 94]
incr	v	[2, 94]
incr	v	[96, 96]
incr	v	[94, 96]
incr	v	[92, 96]
incr	v	[90, 96]
incr	v	[88, 96]
incr	v	[86, 96]
incr	v	[84, 96]
incr	v	[82, 96]
incr	v	[80, 96]
incr	v	[78, 96]
incr	v	[76, 96]
incr	v	[74, 96]
incr	v	[72, 96]
incr	v	[70, 96]
incr	v	[68, 96]
incr	v	[66, 96]
incr	v	[64, 96]
incr	v	[62, 96]
incr	v	[60, 96]
incr	v	[58, 96]
incr	v	[56, 96]
incr	v	[54, 96]
incr	v	[52, 96]
incr	v	[50, 96]
incr	v	[48, 96]
incr	v	[46, 96]
incr	v	[44, 96]
incr	v	[42, 96]
incr	v	[40, 96]
incr	v	[38, 96]
incr	v	[36, 96]
incr	v	[34, 96]
incr	v	[32, 96]
incr	v	[30, 96]
incr	v	[28, 96]
incr	v	[26, 96]
incr	v	[24, 96]
incr	v	[22, 96]
incr	v	[20, 96]
incr	v	[18, 96]
incr	v	[16, 96]
incr	v	[14, 96]
incr	v	[12, 96]
incr	v	[10, 96]
incr	v	[8, 96]
incr	v	[6, 96]
incr	v	[4, 96]
incr	v	[2, 96]
incr	v	[98, 98]
incr	v	[96, 98]
incr	v	[94, 98]
incr	v	[92, 98]
incr	v	[90, 98]
incr	v	[88, 98]
incr	v	[86, 98]
incr	v	[84, 98]
incr	v	[82, 98]
incr	v	[80, 98]
incr	v	[78, 98]
incr	v	[76, 98]
incr	v	[74, 98]
incr	v	[72, 98]
incr	v	[70, 98]
incr	v	[68, 98]
incr	v	[66, 98]
incr	v	[64, 98]
incr	v	[62, 98]
incr	v	[60, 98]
incr	v	[58, 98]
incr	v	[56, 98]
incr	v	[54, 98]
incr	v	[52, 98]
incr	v	[50, 98]
incr	v	[48, 98]
incr	v	[46, 98]
incr	v	[44, 98]
incr	v	[42, 98]
incr	v	[40, 98]
incr	v	[38, 98]
incr	v	[36, 98]
incr	v	[34, 98]
incr	v	[32, 98]
incr	v	[30, 98]
incr	v	[28, 98]
incr	v	[26, 98]
incr	v	[24, 98]
incr	v	[22, 98]
incr	v	[20, 98]
incr	v	[18, 98]
incr	v	[16, 98]
incr	v	[14, 98]
incr	v	[12, 98]
incr	v	[10, 98]
incr	v	[8, 98]
incr	v	[6, 98]
incr	v	[4, 98]
incr	v	[2, 98]
incr	v	[100, 100]
incr	v	[98, 100]
incr	v	[96, 100]
incr	v	[94, 100]
incr	v	[92, 100]
incr	v	[90, 100]
incr	v	[88, 100]
incr	v	[86, 100]
incr	v	[84, 100]
incr	v	[82, 100]
incr	v	[80, 100]
incr	v	[78, 100]
incr	v	[76, 100]
incr	v	[74, 100]
incr	v	[72, 100]
incr	v	[70, 100]
incr	v	[68, 100]
incr	v	[66, 100]
incr	v	[64, 100]
incr	v	[62, 100]
incr	v	[60, 100]
incr	v	[58, 100]
incr	v	[56, 100]
incr	v	[54, 100]
incr	v	[52, 100]
incr	v	[50, 100]
incr	v	[48, 100]
incr	v	[46, 100]
incr	v	[44, 100]
incr	v	[42, 100]
incr	v	[40, 100]
incr	v	[38, 100]
incr	v	[36, 100]
incr	v	[34, 100]
incr	v	[32, 100]
incr	v	[30, 100]
incr	v	[28, 100]
incr	v	[26, 100]
incr	v	[24, 100]
incr	v	[22, 100]
incr	v	[20, 100]
incr	v	[18, 100]
incr	v	[16, 100]
incr	v	[14, 100]
incr	v	[12, 100]
incr	v	[10, 100]
incr	v	[8, 100]
incr	v	[6, 100]
incr	v	[4, 100]
incr	v	[2, 100]
incr	v	[102, 102]
incr	v	[100, 102]
incr	v	[98, 102]
incr	v	[96, 102]
incr	v	[94, 102]
incr	v	[92, 102]
incr	v	[90, 102]
incr	v	[88, 102]
incr	v	[86, 102]
incr	v	[84, 102]
incr	v	[82, 102]
incr	v	[80, 102]
incr	v	[78, 102]
incr	v	[76, 102]
incr	v	[74, 102]
incr	v	[72, 102]
incr	v	[70, 102]
incr	v	[68, 102]
incr	v	[66, 102]
incr	v	[64, 102]
incr	v	[62, 102]
incr	v	[60, 102]
incr	v	[58, 102]
incr	v	[56, 102]
incr	v	[54, 102]
incr	v	[52, 102]
incr	v	[50, 102]
incr	v	[48, 102]
incr	v	[46, 102]
incr	v	[44, 102]
incr	v	[42, 102]
incr	v	[40, 102]
incr	v	[38, 102]
incr	v	[36, 102]
incr	v	[34, 102]
incr	v	[32, 102]
incr	v	[30, 102]
incr	v	[28, 102]
incr	v	[26, 102]
incr	v	[24, 102]
incr	v	[22, 102]
incr	v	[20, 102]
incr	v	[18, 102]
incr	v	[16, 102]
incr	v	[14, 102]
incr	v	[12, 102]
incr	v	[10, 102]
incr	v	[8, 102]
incr	v	[6, 102]
incr	v	[4, 102]
incr	v	[2, 102]
not cond	v	[102, 102]
not cond	v	[101, 102]
end	v	[102, 102]
end	v	[101, 102]
